Marka,Model,Rok produkcji,Cena,Przebieg,Rodzaj paliwa,Skrzynia biegów,Typ nadwozia,Pojemność skokowa,Moc,Liczba drzwi,Kolor
Peugeot,406,1998,17 900 PLN,92 000 km,Benzyna,Automatyczna,Coupe,2 946 cm3,190 KM,4,Zielony
Peugeot,308,2012,15 000 PLN,77 000 km,Benzyna,Manualna,Kompakt,1 397 cm3,98 KM,5,Czarny
Peugeot,208,2014,29 900 PLN,62 444 km,Benzyna,Manualna,Auta małe,1 199 cm3,82 KM,5,Szary
Peugeot,3008,2012,27 900 PLN,182 000 km,Benzyna,Manualna,SUV,1 598 cm3,156 KM,5,Szary
Peugeot,Traveller,2024,210 102 PLN,1 km,Diesel,Automatyczna,Kombi,1 997 cm3,177 KM,4,Szary
Peugeot,508,2013,25 950 PLN,201 500 km,Benzyna,Automatyczna,Kombi,1 598 cm3,156 KM,5,Czarny
Peugeot,308,2017,37 500 PLN,183 000 km,Diesel,Manualna,Coupe,1 560 cm3,120 KM,5,Biały
Peugeot,Rifter,2024,156 900 PLN,1 km,Diesel,Automatyczna,Minivan,1 499 cm3,130 KM,5,Czarny
Peugeot,208,2020,67 000 PLN,56 000 km,Benzyna,Automatyczna,Auta małe,1 199 cm3,102 KM,5,Czerwony
Peugeot,2008,2021,69 900 PLN,90 000 km,Benzyna,Manualna,SUV,1 199 cm3,102 KM,5,Czarny
Peugeot,508,2015,52 900 PLN,179 000 km,Diesel,Automatyczna,Kombi,1 997 cm3,180 KM,5,Szary
Peugeot,208,2015,26 999 PLN,178 800 km,Benzyna,Manualna,Auta miejskie,1 199 cm3,82 KM,5,Inny kolor
Peugeot,3008,2014,42 900 PLN,231 488 km,Diesel,Manualna,SUV,1 997 cm3,150 KM,5,Inny kolor
Peugeot,208,2016,27 800 PLN,52 400 km,Benzyna,Manualna,Auta małe,1 199 cm3,82 KM,5,Czarny
Peugeot,308,2015,50 500 PLN,156 000 km,Benzyna,Manualna,Kompakt,1 598 cm3,205 KM,5,Czarny
Peugeot,208,2014,19 900 PLN,156 000 km,Diesel,Manualna,Auta małe,1 398 cm3,68 KM,5,Czarny
Peugeot,508,2013,20 500 PLN,230 000 km,Diesel,Automatyczna,Kombi,1 560 cm3,114 KM,5,Złoty
Peugeot,307,2007,12 500 PLN,116 666 km,Benzyna,Manualna,Auta miejskie,1 587 cm3,109 KM,5,Zielony
Peugeot,407,2005,6 750 PLN,308 000 km,Diesel,Manualna,Sedan,1 997 cm3,136 KM,5,Czarny
Peugeot,2008,2014,29 999 PLN,243 700 km,Diesel,Manualna,SUV,1 560 cm3,115 KM,5,Szary
Peugeot,308,2012,20 700 PLN,242 000 km,Diesel,Manualna,Kombi,1 997 cm3,150 KM,5,Brązowy
Peugeot,2008,2014,22 999 PLN,220 000 km,Diesel,Manualna,SUV,1 560 cm3,92 KM,5,Srebrny
Peugeot,807,2008,15 000 PLN,303 189 km,Diesel,Manualna,Minivan,1 997 cm3,136 KM,5,Inny kolor
Peugeot,2008,2024,43 700 PLN,6 200 km,Benzyna,Manualna,SUV,1 199 cm3,101 KM,5,Czarny
Peugeot,5008,2019,63 500 PLN,111 000 km,Diesel,Manualna,SUV,1 499 cm3,130 KM,5,Niebieski
Peugeot,308,2017,27 800 PLN,135 000 km,Benzyna,Manualna,Kombi,1 199 cm3,110 KM,5,Szary
Peugeot,207,2008,4 800 PLN,239 752 km,Benzyna,Manualna,Kombi,1 598 cm3,120 KM,5,Srebrny
Peugeot,3008,2020,129 900 PLN,60 050 km,Hybryda,Automatyczna,SUV,1 598 cm3,300 KM,5,Czerwony
Peugeot,408,2023,167 900 PLN,9 000 km,Hybryda,Automatyczna,Kompakt,1 598 cm3,180 KM,5,Niebieski
Peugeot,508,2014,27 800 PLN,190 500 km,Diesel,Manualna,Kombi,1 560 cm3,115 KM,5,Szary
Peugeot,508,2015,48 200 PLN,190 000 km,Diesel,Manualna,Kombi,1 997 cm3,150 KM,5,Biały
Peugeot,508,2020,71 900 PLN,186 000 km,Diesel,Automatyczna,Sedan,1 499 cm3,130 KM,5,Czarny
Peugeot,Traveller,2019,139 000 PLN,77 000 km,Diesel,Automatyczna,Minivan,1 997 cm3,177 KM,5,Brązowy
Peugeot,3008,2015,39 900 PLN,130 000 km,Diesel,Manualna,SUV,1 997 cm3,150 KM,5,Biały
Peugeot,3008,2024,169 900 PLN,1 km,Benzyna,Automatyczna,SUV,1 199 cm3,130 KM,5,Szary
Peugeot,308,2018,44 900 PLN,107 009 km,Benzyna,Automatyczna,Kompakt,1 199 cm3,130 KM,5,Szary
Peugeot,208,2020,49 900 PLN,20 100 km,Benzyna,Manualna,Auta miejskie,1 199 cm3,75 KM,5,Żółty
Peugeot,206,2009,8 000 PLN,182 804 km,Benzyna,Manualna,Auta małe,1 360 cm3,75 KM,3,Czarny
Peugeot,508,2016,44 700 PLN,164 000 km,Diesel,Manualna,Sedan,1 997 cm3,150 KM,4,Czarny
Peugeot,308,2020,43 200 PLN,139 912 km,Diesel,Manualna,Kombi,1 499 cm3,130 KM,5,Szary
Peugeot,208,2020,32 990 PLN,54 000 km,Benzyna,Automatyczna,Auta miejskie,1 199 cm3,101 KM,5,Biały
Peugeot,508,2014,29 500 PLN,235 000 km,Diesel,Manualna,Kombi,1 997 cm3,140 KM,5,Brązowy
Peugeot,206,2003,4 500 PLN,282 781 km,Diesel,Manualna,Kombi,1 997 cm3,90 KM,5,Niebieski
Peugeot,5008,2024,195 000 PLN,1 km,Benzyna,Automatyczna,Minivan,1 199 cm3,136 KM,5,Biały
Peugeot,508,2019,76 000 PLN,73 599 km,Diesel,Manualna,Sedan,1 499 cm3,130 KM,5,Czarny
Peugeot,2008,2015,35 000 PLN,102 000 km,Benzyna,Manualna,SUV,1 199 cm3,110 KM,5,Szary
Peugeot,308,2015,39 000 PLN,212 000 km,Diesel,Automatyczna,Kombi,1 997 cm3,181 KM,5,Czarny
Peugeot,5008,2015,37 700 PLN,172 200 km,Diesel,Manualna,Minivan,1 997 cm3,150 KM,5,Brązowy
Peugeot,508,2016,43 550 PLN,242 000 km,Diesel,Automatyczna,Kombi,1 997 cm3,181 KM,5,Biały
Peugeot,308,2024,139 700 PLN,1 km,Diesel,Automatyczna,Kombi,1 499 cm3,130 KM,5,Szary
Peugeot,5008,2024,177 500 PLN,1 km,Diesel,Automatyczna,Minivan,1 499 cm3,130 KM,5,Szary
Peugeot,308,2015,37 900 PLN,122 000 km,Benzyna,Manualna,Kombi,1 199 cm3,130 KM,5,Biały
Peugeot,307,2004,5 500 PLN,206 224 km,Benzyna,Manualna,Auta miejskie,1 360 cm3,88 KM,5,Srebrny
Peugeot,307 CC,2006,9 500 PLN,208 000 km,Diesel,Manualna,Kabriolet,1 997 cm3,136 KM,2,Czerwony
Peugeot,308,2024,139 700 PLN,1 km,Diesel,Automatyczna,Kombi,1 499 cm3,130 KM,5,Szary
Peugeot,208,2024,96 000 PLN,1 km,Benzyna,Manualna,Kompakt,1 199 cm3,100 KM,5,Szary
Peugeot,3008,2016,55 900 PLN,223 000 km,Diesel,Manualna,SUV,1 997 cm3,150 KM,5,Inny kolor
Peugeot,5008,2017,61 900 PLN,199 000 km,Diesel,Manualna,SUV,1 997 cm3,150 KM,5,Inny kolor
Peugeot,408,2024,129 500 PLN,1 km,Benzyna,Automatyczna,SUV,1 199 cm3,130 KM,5,Niebieski
Peugeot,508,2020,62 900 PLN,64 239 km,Diesel,Manualna,Kombi,1 499 cm3,130 KM,5,Złoty
Peugeot,508,2012,23 500 PLN,180 000 km,Benzyna,Manualna,Kombi,1 598 cm3,156 KM,5,Szary
Peugeot,3008,2022,102 900 PLN,83 900 km,Hybryda Plug-in,Automatyczna,SUV,1 598 cm3,180 KM,5,Srebrny
Peugeot,308,2016,19 900 PLN,392 451 km,Diesel,Manualna,Kombi,1 560 cm3,120 KM,5,Brązowy
Peugeot,508,2014,19 999 PLN,227 500 km,Diesel,Manualna,Kombi,1 997 cm3,150 KM,5,Brązowy
Peugeot,3008,2022,102 900 PLN,83 900 km,Hybryda Plug-in,Automatyczna,SUV,1 598 cm3,180 KM,5,Srebrny
Peugeot,308,2016,19 900 PLN,392 451 km,Diesel,Manualna,Kombi,1 560 cm3,120 KM,5,Brązowy
Peugeot,508,2014,19 999 PLN,227 500 km,Diesel,Manualna,Kombi,1 997 cm3,150 KM,5,Brązowy
Peugeot,308,2021,89 900 PLN,67 676 km,Benzyna,Manualna,Kompakt,1 598 cm3,262 KM,5,Czarny
Peugeot,207,2010,7 800 PLN,124 000 km,Benzyna,Manualna,Auta małe,1 360 cm3,73 KM,3,Czerwony
Peugeot,108,2014,18 900 PLN,110 072 km,Benzyna,Manualna,Auta miejskie,998 cm3,69 KM,5,Srebrny
Peugeot,Partner,2015,25 900 PLN,243 607 km,Diesel,Manualna,Minivan,1 560 cm3,92 KM,5,Biały
Peugeot,407,2009,14 250 PLN,152 000 km,Diesel,Manualna,Kombi,1 560 cm3,109 KM,5,Inny kolor
Peugeot,508,2019,86 000 PLN,132 000 km,Diesel,Automatyczna,Sedan,1 997 cm3,177 KM,5,Biały
Peugeot,308,2017,48 500 PLN,122 000 km,Diesel,Manualna,Kombi,1 997 cm3,150 KM,5,Czarny
Peugeot,5008,2020,57 900 PLN,187 600 km,Benzyna,Manualna,SUV,1 199 cm3,130 KM,5,Szary
Peugeot,5008,2010,15 900 PLN,200 000 km,Diesel,Manualna,Minivan,1 560 cm3,112 KM,5,Granatowy
Peugeot,5008,2019,83 640 PLN,120 000 km,Diesel,Automatyczna,SUV,1 499 cm3,130 KM,5,Szary
Peugeot,308,2014,32 900 PLN,195 000 km,Diesel,Manualna,Kombi,1 560 cm3,120 KM,5,Srebrny
Peugeot,308,2011,23 900 PLN,227 000 km,Diesel,Manualna,Kompakt,1 560 cm3,110 KM,5,Srebrny
Peugeot,408,2023,79 900 PLN,16 500 km,Hybryda Plug-in,Automatyczna,Kompakt,1 598 cm3,180 KM,5,Niebieski
Peugeot,208,2015,25 500 PLN,145 300 km,Diesel,Manualna,Auta małe,1 398 cm3,68 KM,5,Czarny
Peugeot,508,2012,25 900 PLN,231 000 km,Diesel,Manualna,Kombi,1 997 cm3,140 KM,5,Czarny
Peugeot,206 CC,2003,7 300 PLN,191 175 km,Benzyna,Manualna,Kabriolet,1 587 cm3,109 KM,2,Srebrny
Peugeot,308,2016,33 700 PLN,210 000 km,Diesel,Manualna,Auta małe,1 560 cm3,120 KM,5,Czarny
Peugeot,208,2020,55 900 PLN,55 000 km,Benzyna,Manualna,Auta miejskie,1 199 cm3,75 KM,5,Biały
Peugeot,Rifter,2019,63 600 PLN,98 800 km,Diesel,Manualna,Minivan,1 499 cm3,102 KM,5,Granatowy
Peugeot,5008,2017,69 900 PLN,224 000 km,Diesel,Manualna,Minivan,1 560 cm3,120 KM,5,Szary
Peugeot,308,2018,35 500 PLN,174 550 km,Benzyna,Manualna,Kombi,1 199 cm3,110 KM,5,Biały
Peugeot,5008,2011,21 900 PLN,180 000 km,Diesel,Manualna,Minivan,1 560 cm3,112 KM,5,Czarny
Peugeot,208,2014,29 500 PLN,59 100 km,Benzyna,Manualna,Kompakt,1 199 cm3,82 KM,5,Srebrny
Peugeot,508,2012,28 900 PLN,256 207 km,Diesel,Automatyczna,Sedan,1 997 cm3,163 KM,5,Czarny
Peugeot,308,2008,7 900 PLN,186 000 km,Benzyna,Manualna,Kombi,1 598 cm3,150 KM,5,Szary
Peugeot,Partner,2016,29 900 PLN,120 000 km,Diesel,Manualna,Minivan,1 560 cm3,100 KM,5,Szary
Peugeot,5008,2019,89 800 PLN,178 000 km,Diesel,Automatyczna,SUV,1 997 cm3,180 KM,5,Czarny
Peugeot,3008,2017,69 000 PLN,137 000 km,Benzyna,Manualna,SUV,1 199 cm3,130 KM,5,Czerwony
Peugeot,407,2005,6 500 PLN,386 000 km,Diesel,Manualna,Sedan,1 560 cm3,110 KM,4,Inny kolor
Peugeot,208,2020,41 700 PLN,19 440 km,Elektryczny,Automatyczna,Kompakt,,136 KM,5,Niebieski
Peugeot,208,2015,25 700 PLN,77 000 km,Diesel,Manualna,Kompakt,1 398 cm3,68 KM,5,Srebrny
Peugeot,3008,2011,23 900 PLN,176 500 km,Diesel,Manualna,SUV,1 997 cm3,149 KM,5,Srebrny
Peugeot,508,2012,36 900 PLN,219 000 km,Hybryda,Automatyczna,Kombi,1 997 cm3,163 KM,5,Czarny
Peugeot,3008,2019,72 900 PLN,154 332 km,Diesel,Automatyczna,SUV,1 499 cm3,130 KM,5,Czarny
Peugeot,508,2015,47 000 PLN,213 530 km,Diesel,Automatyczna,Sedan,1 997 cm3,180 KM,5,Czarny
Peugeot,308,2021,35 900 PLN,47 110 km,Diesel,Automatyczna,Kompakt,1 499 cm3,130 KM,5,Szary
Peugeot,207,2010,14 600 PLN,128 000 km,Diesel,Manualna,Kombi,1 560 cm3,90 KM,5,Czarny
Peugeot,508,2012,27 500 PLN,258 000 km,Diesel,Manualna,Kombi,1 997 cm3,163 KM,5,Czarny
Peugeot,208,2017,22 000 PLN,110 000 km,Benzyna,Manualna,Auta miejskie,1 199 cm3,68 KM,5,Błękitny
Peugeot,308,2019,39 900 PLN,85 295 km,Benzyna,Manualna,Kombi,1 199 cm3,130 KM,5,Biały
Peugeot,308,2016,51 900 PLN,172 317 km,Diesel,Automatyczna,Kombi,1 997 cm3,181 KM,5,Szary
Peugeot,208,2012,24 999 PLN,68 400 km,Benzyna,Manualna,Kompakt,1 199 cm3,82 KM,5,Brązowy
Peugeot,208,2014,24 900 PLN,128 000 km,Benzyna,Manualna,Auta miejskie,1 199 cm3,82 KM,5,Czarny
Peugeot,208,2012,22 100 PLN,125 000 km,Benzyna,Manualna,Kompakt,1 397 cm3,95 KM,5,Inny kolor
Peugeot,508,2011,24 900 PLN,207 350 km,Diesel,Manualna,Kombi,1 997 cm3,140 KM,5,Inny kolor
Peugeot,508,2013,30 900 PLN,180 000 km,Diesel,Manualna,Kombi,1 560 cm3,114 KM,5,Czarny
Peugeot,3008,2019,67 700 PLN,142 000 km,Diesel,Manualna,SUV,1 499 cm3,130 KM,5,Szary
Peugeot,5008,2021,94 000 PLN,169 000 km,Diesel,Automatyczna,SUV,1 499 cm3,130 KM,5,Czarny
Peugeot,3008,2015,32 900 PLN,116 694 km,Benzyna,Manualna,SUV,1 199 cm3,130 KM,5,Beżowy
Peugeot,508,2017,28 900 PLN,350 000 km,Diesel,Manualna,Sedan,1 997 cm3,150 KM,5,Czarny
Peugeot,Partner,2018,42 000 PLN,159 700 km,Diesel,Manualna,Minivan,1 560 cm3,100 KM,5,Biały
Peugeot,508,2015,35 900 PLN,258 000 km,Diesel,Automatyczna,Kombi,1 560 cm3,120 KM,5,Czarny
Peugeot,308,2013,30 000 PLN,230 300 km,Diesel,Manualna,Auta miejskie,1 560 cm3,92 KM,5,Szary
Peugeot,3008,2017,76 800 PLN,112 938 km,Benzyna,Automatyczna,SUV,1 598 cm3,165 KM,5,Czarny
Peugeot,508,2019,80 000 PLN,160 000 km,Diesel,Automatyczna,Kompakt,1 997 cm3,177 KM,5,Szary
Peugeot,2008,2017,35 900 PLN,67 181 km,Benzyna,Manualna,SUV,1 199 cm3,82 KM,5,Czarny
Peugeot,508,2019,81 990 PLN,89 000 km,Diesel,Automatyczna,Kombi,1 499 cm3,130 KM,,
Peugeot,Partner,2012,18 000 PLN,292 000 km,Diesel,Manualna,Minivan,1 560 cm3,75 KM,5,Biały
Peugeot,RCZ,2011,35 900 PLN,155 000 km,Diesel,Manualna,Coupe,1 997 cm3,163 KM,2,Czarny
Peugeot,308,2009,13 300 PLN,180 200 km,Benzyna,Manualna,Auta miejskie,1 598 cm3,120 KM,5,Granatowy
Peugeot,208,2018,28 300 PLN,106 619 km,Diesel,Manualna,Auta miejskie,1 560 cm3,99 KM,5,Biały
Peugeot,5008,2015,43 900 PLN,212 000 km,Diesel,Manualna,Minivan,1 997 cm3,150 KM,5,Biały
Peugeot,3008,2013,36 800 PLN,177 865 km,Diesel,Automatyczna,SUV,1 997 cm3,163 KM,5,Czarny
Peugeot,3008,2013,32 700 PLN,170 000 km,Hybryda,Automatyczna,SUV,1 997 cm3,163 KM,5,Czarny
Peugeot,3008,2015,43 800 PLN,100 200 km,Diesel,Automatyczna,SUV,1 560 cm3,120 KM,5,Czarny
Peugeot,3008,2019,69 200 PLN,181 000 km,Benzyna,Automatyczna,SUV,1 199 cm3,130 KM,5,Brązowy
Peugeot,508,2020,99 900 PLN,31 600 km,Benzyna,Automatyczna,Sedan,1 600 cm3,180 KM,5,Beżowy
Peugeot,2008,2015,35 000 PLN,90 000 km,Benzyna,Manualna,Auta miejskie,1 199 cm3,110 KM,5,Biały
Peugeot,508,2015,34 000 PLN,257 000 km,Diesel,Automatyczna,Kombi,1 997 cm3,163 KM,5,Brązowy
Peugeot,208,2015,28 500 PLN,134 322 km,Diesel,Manualna,Kompakt,1 560 cm3,75 KM,5,Srebrny
Peugeot,2008,2015,26 900 PLN,164 400 km,Benzyna,Manualna,SUV,1 199 cm3,82 KM,5,Szary
Peugeot,Partner,2007,9 900 PLN,236 000 km,Diesel,Manualna,Minivan,1 560 cm3,90 KM,4,Czarny
Peugeot,206 CC,2002,6 200 PLN,198 000 km,Benzyna,Manualna,Kabriolet,1 587 cm3,109 KM,2,Czarny
Peugeot,508,2011,28 000 PLN,157 461 km,Diesel,Automatyczna,Sedan,1 560 cm3,112 KM,4,Czarny
Peugeot,208,2019,49 900 PLN,39 000 km,Benzyna,Automatyczna,Auta miejskie,1 199 cm3,110 KM,5,Czarny
Peugeot,2008,2015,37 900 PLN,51 000 km,Benzyna,Manualna,SUV,1 199 cm3,110 KM,5,Beżowy
Peugeot,2008,2018,44 900 PLN,47 800 km,Diesel,Manualna,SUV,1 560 cm3,75 KM,5,Czarny
Peugeot,207,2008,10 700 PLN,219 000 km,Diesel,Manualna,Auta małe,1 560 cm3,110 KM,5,Srebrny
Peugeot,508,2011,30 900 PLN,207 800 km,Diesel,Automatyczna,Sedan,1 997 cm3,163 KM,4,Brązowy
Peugeot,3008,2013,27 800 PLN,325 000 km,Hybryda,Automatyczna,SUV,1 997 cm3,163 KM,5,Biały
Peugeot,206 CC,2003,5 980 PLN,243 000 km,Benzyna,Manualna,Kabriolet,1 587 cm3,110 KM,2,Czarny
Peugeot,5008,2012,22 600 PLN,250 050 km,Diesel,Manualna,SUV,1 997 cm3,150 KM,5,Szary
Peugeot,208,2016,39 900 PLN,52 000 km,Benzyna,Manualna,Kompakt,1 199 cm3,82 KM,5,Czerwony
Peugeot,206 plus,2011,11 500 PLN,121 468 km,Benzyna,Manualna,Auta miejskie,1 360 cm3,73 KM,5,Czarny
Peugeot,508,2011,19 900 PLN,230 000 km,Diesel,Manualna,Kombi,1 560 cm3,112 KM,5,Czarny
Peugeot,308,2018,42 900 PLN,98 000 km,Diesel,Manualna,Kompakt,1 499 cm3,130 KM,5,Biały
Peugeot,3008,2015,47 900 PLN,162 583 km,Diesel,Manualna,SUV,1 560 cm3,115 KM,5,Czarny
Peugeot,Rifter,2019,53 900 PLN,182 900 km,Benzyna,Manualna,Minivan,1 199 cm3,110 KM,5,Brązowy
Peugeot,208,2019,49 900 PLN,42 000 km,Benzyna,Manualna,Auta miejskie,1 199 cm3,101 KM,5,Żółty
Peugeot,3008,2017,73 900 PLN,87 000 km,Benzyna,Automatyczna,SUV,1 199 cm3,130 KM,5,Brązowy
Peugeot,Expert,2017,72 900 PLN,217 000 km,Diesel,Manualna,Minivan,1 997 cm3,122 KM,4,Czarny
Peugeot,308,2016,16 900 PLN,43 000 km,Benzyna,Manualna,Kombi,1 199 cm3,110 KM,5,Inny kolor
Peugeot,508,2012,23 900 PLN,202 700 km,Benzyna,Manualna,Sedan,1 598 cm3,156 KM,4,Czarny
Peugeot,508,2012,23 900 PLN,202 700 km,Benzyna,Manualna,Sedan,1 598 cm3,156 KM,4,Czarny
Peugeot,Partner,2016,24 999 PLN,187 697 km,Diesel,Manualna,Minivan,1 560 cm3,75 KM,5,Brązowy
Peugeot,207,2007,8 000 PLN,134 700 km,Benzyna,Manualna,Kombi,1 397 cm3,95 KM,5,Beżowy
Peugeot,2008,2021,86 000 PLN,70 000 km,Elektryczny,Automatyczna,SUV,,136 KM,5,Niebieski
Peugeot,Partner,2012,28 900 PLN,179 000 km,Diesel,Manualna,Kombi,1 560 cm3,112 KM,5,Brązowy
Peugeot,208,2021,51 000 PLN,18 300 km,Benzyna,Manualna,Auta małe,1 199 cm3,75 KM,5,Biały
Peugeot,208,2014,22 500 PLN,123 000 km,Benzyna,Manualna,Kompakt,999 cm3,68 KM,5,Brązowy
Peugeot,5008,2014,32 800 PLN,102 080 km,Diesel,Manualna,SUV,1 560 cm3,115 KM,5,Szary
Peugeot,208,2018,34 900 PLN,42 000 km,Benzyna,Manualna,Auta miejskie,1 199 cm3,82 KM,5,Srebrny
Peugeot,508,2015,50 000 PLN,247 000 km,Diesel,Automatyczna,Kombi,1 560 cm3,120 KM,5,Czarny
Peugeot,Partner,2020,59 900 PLN,84 000 km,Diesel,Manualna,SUV,1 499 cm3,130 KM,3,Biały
Peugeot,Expert,2012,34 500 PLN,273 000 km,Diesel,Manualna,Kombi,1 997 cm3,163 KM,5,Srebrny
Peugeot,3008,2009,26 600 PLN,189 116 km,Diesel,Manualna,SUV,1 997 cm3,150 KM,5,Szary
Peugeot,208,2022,89 000 PLN,60 500 km,Elektryczny,Automatyczna,Kompakt,,136 KM,5,Biały
Peugeot,807,2008,15 500 PLN,238 269 km,Diesel,Manualna,Minivan,2 179 cm3,170 KM,5,Srebrny
Peugeot,3008,2021,98 000 PLN,51 000 km,Benzyna,Manualna,SUV,1 199 cm3,130 KM,5,Czerwony
Peugeot,508,2015,35 500 PLN,230 000 km,Diesel,Manualna,Kombi,1 997 cm3,150 KM,5,Biały
Peugeot,2008,2013,31 500 PLN,179 122 km,Diesel,Manualna,SUV,1 560 cm3,92 KM,5,Biały
Peugeot,3008,2019,67 899,195 760 km,Diesel,Manualna,SUV,1 499 cm3,130 KM,5,Biały
Peugeot,5008,2012,15 500 PLN,223 200 km,Diesel,Automatyczna,SUV,1 560 cm3,110 KM,5,Złoty
Peugeot,407,2006,10 900 PLN,297 000 km,Diesel,Automatyczna,Coupe,2 720 cm3,204 KM,2,Srebrny
Peugeot,Rifter,2020,56 900 PLN,167 300 km,Diesel,Manualna,Minivan,1 499 cm3,102 KM,5,Biały
Peugeot,3008,2020,89 000 PLN,64 000 km,Diesel,Automatyczna,SUV,1 499 cm3,130 KM,5,Brązowy
Peugeot,405,1990,37 900 PLN,232 600 km,Benzyna,Manualna,Sedan,1 905 cm3,158 KM,4,Czarny
Peugeot,3008,2022,113 900 PLN,14 600 km,Benzyna,Automatyczna,SUV,1 199 cm3,130 KM,5,Czerwony
Peugeot,2008,2022,105 555 PLN,31 500 km,Elektryczny,Automatyczna,SUV,,136 KM,5,Pomarańczowy
Peugeot,3008,2018,76 490 PLN,97 500 km,Benzyna,Manualna,SUV,1 199 cm3,130 KM,5,Brązowy
Peugeot,307,2004,4 999 PLN,290 000 km,Diesel,Manualna,Kompakt,1 997 cm3,90 KM,3,Srebrny
Peugeot,308,2016,33 000 PLN,236 000 km,Diesel,Manualna,Kompakt,1 560 cm3,100 KM,5,Czerwony
Peugeot,Partner,2018,33 000 PLN,207 000 km,Diesel,Manualna,Minivan,1 560 cm3,100 KM,5,Biały
Peugeot,2008,2014,32 900 PLN,152 000 km,Benzyna,Manualna,SUV,1 598 cm3,120 KM,5,Biały
Peugeot,2008,2022,85 000 PLN,28 500 km,Diesel,Manualna,SUV,1 499 cm3,110 KM,5,Biały
Peugeot,2008,2013,35 500 PLN,126 000 km,Benzyna,Manualna,SUV,1 598 cm3,120 KM,5,Brązowy
Peugeot,508,2011,22 900 PLN,246 816 km,Diesel,Automatyczna,Sedan,1 560 cm3,112 KM,4,Granatowy
Peugeot,Expert,2017,61 377 PLN,215 274 km,Diesel,Manualna,Minivan,1 997 cm3,149 KM,5,Czarny
Peugeot,2008,2017,37 900 PLN,105 000 km,Benzyna,Manualna,SUV,1 199 cm3,114 KM,5,Szary
Peugeot,308,2018,44 500 PLN,93 000 km,Diesel,Manualna,Kompakt,1 499 cm3,102 KM,5,Srebrny
Peugeot,308,2009,12 900 PLN,223 700 km,Diesel,Automatyczna,Auta miejskie,1 560 cm3,109 KM,3,Czarny
Peugeot,408,2023,159 900 PLN,3 500 km,Hybryda,Automatyczna,SUV,1 598 cm3,180 KM,5,Niebieski
Peugeot,508,2012,28 950 PLN,279 000 km,Diesel,Manualna,Kombi,1 997 cm3,140 KM,5,Srebrny
Peugeot,301,2016,25 500 PLN,68 136 km,Benzyna,Manualna,Sedan,1 199 cm3,82 KM,4,Srebrny
Peugeot,2008,2020,72 900 PLN,67 000 km,Benzyna,Manualna,SUV,1 199 cm3,130 KM,5,Biały
Peugeot,308,2015,33 000 PLN,256 220 km,Diesel,Automatyczna,Kombi,1 997 cm3,150 KM,5,Czarny
Peugeot,208,2024,93 000 PLN,1 km,Benzyna,Automatyczna,Auta miejskie,1 199 cm3,100 KM,5,Szary
Peugeot,3008,2017,69 800 PLN,155 000 km,Diesel,Automatyczna,SUV,1 560 cm3,120 KM,5,Złoty
Peugeot,Bipper,2012,11 800 PLN,265 000 km,Diesel,Manualna,Kombi,1 248 cm3,75 KM,4,Biały
Peugeot,3008,2019,89 900 PLN,171 300 km,Diesel,Automatyczna,SUV,1 997 cm3,180 KM,5,Szary
Peugeot,2008,2015,34 700 PLN,90 000 km,Benzyna,Manualna,SUV,1 199 cm3,130 KM,5,Inny kolor
Peugeot,RCZ,2010,29 900 PLN,138 000 km,Benzyna,Manualna,Coupe,1 598 cm3,156 KM,2,Szary
Peugeot,3008,2016,80 000 PLN,139 700 km,Diesel,Automatyczna,SUV,1 997 cm3,180 KM,5,Czarny
Peugeot,308,2014,19 900 PLN,192 000 km,Diesel,Manualna,Kompakt,1 560 cm3,92 KM,5,Czarny
Peugeot,301,2015,22 600 PLN,151 000 km,Benzyna,Manualna,Sedan,1 199 cm3,82 KM,4,Brązowy
Peugeot,5008,2015,38 904,206 000 km,Diesel,Manualna,Minivan,1 997 cm3,150 KM,5,Szary
Peugeot,208,2019,15 500 PLN,119 952 km,Diesel,Manualna,Auta miejskie,1 499 cm3,102 KM,5,Czerwony
Peugeot,308,2022,104 900 PLN,48 440 km,Diesel,Automatyczna,Kombi,1 499 cm3,130 KM,5,Inny kolor
Peugeot,308,2018,43 900 PLN,70 000 km,Benzyna,Manualna,Kompakt,1 200 cm3,130 KM,5,Granatowy
Peugeot,208,2024,94 500 PLN,1 km,Hybryda,Automatyczna,Auta miejskie,1 199 cm3,100 KM,5,Żółty
Peugeot,Partner,2016,29 900 PLN,174 500 km,Diesel,Manualna,Minivan,1 560 cm3,99 KM,4,Szary
Peugeot,3008,2018,99 990 PLN,104 000 km,Diesel,Automatyczna,SUV,1 997 cm3,180 KM,5,Zielony
Peugeot,3008,2023,122 000 PLN,10 947 km,Benzyna,Automatyczna,SUV,1 199 cm3,130 KM,5,Czerwony
Peugeot,5008,2011,9 999 PLN,294 600 km,Benzyna,Manualna,Minivan,1 598 cm3,156 KM,5,Czarny
Peugeot,107,2006,10 900 PLN,170 300 km,Benzyna,Automatyczna,Auta małe,998 cm3,68 KM,3,Niebieski
Peugeot,607,2008,12 000 PLN,281 065 km,Diesel,Automatyczna,Sedan,2 720 cm3,204 KM,4,Srebrny
Peugeot,508,2021,119 310 PLN,85 800 km,Hybryda,Automatyczna,Sedan,1 598 cm3,180 KM,5,Szary
Peugeot,508,2012,22 000 PLN,91 400 km,Benzyna,Manualna,Kombi,1 598 cm3,156 KM,5,Brązowy
Peugeot,106,2001,3 999 PLN,72 000 km,Benzyna,Manualna,Auta małe,1 124 cm3,60 KM,5,Srebrny
Peugeot,207,2013,17 500 PLN,92 000 km,Benzyna,Manualna,Auta małe,1 360 cm3,73 KM,5,Czarny
Peugeot,208,2024,97 700 PLN,1 km,Benzyna,Automatyczna,Auta miejskie,1 199 cm3,100 KM,5,Szary
Peugeot,308,2008,9 900 PLN,232 300 km,Benzyna,Manualna,Kompakt,1 598 cm3,120 KM,5,Srebrny
Peugeot,308,2013,27 800 PLN,205 000 km,Diesel,Manualna,Auta miejskie,1 560 cm3,112 KM,5,Czarny
Peugeot,408,2024,199 900 PLN,1 km,Hybryda,Automatyczna,SUV,1 199 cm3,130 KM,5,Czerwony
Peugeot,2008,2020,91 000 PLN,64 142 km,Diesel,Automatyczna,SUV,1 499 cm3,130 KM,5,Czarny
Peugeot,208,2016,27 900 PLN,88 700 km,Benzyna,Manualna,Auta małe,1 199 cm3,82 KM,5,Biały
Peugeot,5008,2011,19 000 PLN,221 000 km,Diesel,Manualna,Minivan,1 560 cm3,112 KM,5,Srebrny
Peugeot,3008,2018,66 900 PLN,118 500 km,Benzyna,Manualna,SUV,1 199 cm3,130 KM,5,Szary
Peugeot,207,2007,9 900 PLN,140 235 km,Benzyna,Manualna,Auta małe,1 360 cm3,73 KM,5,Szary
Peugeot,308,2015,37 500 PLN,230 000 km,Diesel,Automatyczna,Kombi,1 997 cm3,150 KM,5,Biały
Peugeot,3008,2013,21 900 PLN,240 146 km,Diesel,Manualna,SUV,1 560 cm3,112 KM,5,Złoty
Peugeot,Traveller,2022,187 900 PLN,60 079 km,Diesel,Automatyczna,Minivan,1 997 cm3,177 KM,5,Szary
Peugeot,3008,2022,109 900 PLN,44 706 km,Diesel,Manualna,SUV,1 499 cm3,130 KM,5,Czerwony
Peugeot,5008,2018,77 000 PLN,128 083 km,Diesel,Automatyczna,SUV,1 560 cm3,115 KM,5,Szary
Peugeot,208,2015,29 000 PLN,132 500 km,Benzyna,Manualna,Kompakt,1 199 cm3,110 KM,5,Szary
Peugeot,508,2023,219 900 PLN,18 132 km,Hybryda,Automatyczna,Kombi,1 598 cm3,360 KM,5,Biały
Peugeot,208,2020,59 900 PLN,53 000 km,Benzyna,Manualna,Kompakt,1 199 cm3,102 KM,5,Żółty
Peugeot,1007,2009,11 900 PLN,99 500 km,Diesel,Manualna,Kompakt,1 560 cm3,110 KM,3,Szary
Peugeot,5008,2018,84 800 PLN,176 385 km,Diesel,Manualna,Minivan,1 997 cm3,150 KM,5,Niebieski
Peugeot,308,2018,44 900 PLN,135 000 km,Diesel,Manualna,Auta małe,1 499 cm3,130 KM,5,Niebieski
Peugeot,3008,2017,86 999 PLN,90 000 km,Diesel,Automatyczna,SUV,1 997 cm3,180 KM,5,Inny kolor
Peugeot,308,2010,12 900 PLN,180 000 km,Benzyna,Manualna,Kompakt,1 598 cm3,120 KM,5,Czarny
Peugeot,3008,2019,78 900 PLN,179 000 km,Benzyna,Automatyczna,SUV,1 598 cm3,180 KM,5,Inny kolor
Peugeot,4007,2009,28 700 PLN,217 000 km,Diesel,Manualna,SUV,2 179 cm3,156 KM,5,Szary
Peugeot,3008,2015,33 800 PLN,200 017 km,Diesel,Manualna,SUV,1 560 cm3,115 KM,5,Granatowy
Peugeot,3008,2018,92 600 PLN,44 678 km,Benzyna,Automatyczna,SUV,1 598 cm3,165 KM,5,Biały
Peugeot,3008,2013,32 000 PLN,191 246 km,Diesel,Manualna,SUV,1 560 cm3,115 KM,5,Biały
Peugeot,508,2015,35 500 PLN,173 000 km,Benzyna,Automatyczna,Sedan,1 598 cm3,165 KM,5,Inny kolor
Peugeot,508,2011,22 500 PLN,215 000 km,Diesel,Manualna,Sedan,1 997 cm3,140 KM,5,Złoty
Peugeot,508,2011,22 500 PLN,215 000 km,Diesel,Manualna,Sedan,1 997 cm3,140 KM,5,Złoty
Peugeot,3008,2010,15 000 PLN,277 780 km,Diesel,Manualna,SUV,1 560 cm3,110 KM,5,Czarny
Peugeot,508,2020,87 700 PLN,147 000 km,Diesel,Automatyczna,Sedan,1 997 cm3,177 KM,5,Szary
Peugeot,308,2021,46 900 PLN,144 032 km,Diesel,Manualna,Kombi,1 499 cm3,130 KM,5,Biały
Peugeot,508,2011,23 000 PLN,229 300 km,Diesel,Automatyczna,Kombi,1 997 cm3,140 KM,5,Brązowy
Peugeot,207,2010,11 500 PLN,248 000 km,Diesel,Manualna,Auta miejskie,1 560 cm3,90 KM,5,Błękitny
Peugeot,508,2016,42 000 PLN,220 184 km,Diesel,Manualna,Kombi,1 997 cm3,150 KM,5,Szary
Peugeot,208,2013,27 900 PLN,154 000 km,Benzyna,Manualna,Auta miejskie,1 598 cm3,120 KM,3,Biały
Peugeot,308,2013,21 500 PLN,169 713 km,Diesel,Manualna,Auta miejskie,1 560 cm3,100 KM,5,Czarny
Peugeot,Bipper,2010,17 800 PLN,176 345 km,Benzyna,Manualna,Kombi,1 360 cm3,75 KM,4,Niebieski
Peugeot,107,2011,12 900 PLN,151 000 km,Benzyna,Manualna,Auta małe,998 cm3,68 KM,5,Czarny
Peugeot,508,2016,38 900 PLN,262 500 km,Diesel,Manualna,Kombi,1 997 cm3,150 KM,5,Inny kolor
Peugeot,5008,2017,84 800 PLN,68 000 km,Benzyna,Automatyczna,SUV,1 598 cm3,165 KM,5,Granatowy
Peugeot,308,2013,17 500 PLN,144 066 km,Diesel,Manualna,Kompakt,1 560 cm3,90 KM,5,Czarny
Peugeot,407,2006,8 900 PLN,288 000 km,Diesel,Manualna,Kombi,1 560 cm3,110 KM,5,Inny kolor
Peugeot,308,2008,14 700 PLN,244 734 km,Diesel,Manualna,Auta miejskie,1 997 cm3,140 KM,5,Czarny
Peugeot,407,2006,7 900 PLN,303 645 km,Diesel,Manualna,Kombi,1 997 cm3,136 KM,5,Inny kolor
Peugeot,5008,2017,72 999 PLN,164 000 km,Diesel,Automatyczna,SUV,1 560 cm3,120 KM,5,Czarny
Peugeot,Partner,2011,25 830 PLN,89 329 km,Benzyna+LPG,Manualna,Minivan,1 598 cm3,120 KM,5,Szary
Peugeot,508,2016,35 999 PLN,217 207 km,Diesel,Manualna,Kombi,1 997 cm3,150 KM,5,Czarny
Peugeot,2008,2021,71 999 PLN,76 000 km,Benzyna,Manualna,SUV,1 199 cm3,101 KM,5,Bordowy
Peugeot,508,2014,52 900 PLN,231 390 km,Diesel,Automatyczna,Sedan,1 997 cm3,180 KM,4,Biały
Peugeot,2008,2020,91 800 PLN,32 613 km,Elektryczny,Automatyczna,SUV,,136 KM,5,Granatowy
Peugeot,2008,2014,24 900 PLN,168 000 km,Diesel,Manualna,SUV,1 560 cm3,92 KM,5,Biały
Peugeot,2008,2020,65 800 PLN,41 600 km,Benzyna,Manualna,SUV,1 199 cm3,101 KM,5,Pomarańczowy
Peugeot,308,2019,40 999,149 950 km,Diesel,Automatyczna,Kombi,1 499 cm3,130 KM,5,Granatowy
Peugeot,301,2016,30 000 PLN,154 094 km,Benzyna,Manualna,Sedan,1 587 cm3,115 KM,4,Srebrny
Peugeot,208,2020,25 900 PLN,189 300 km,Diesel,Manualna,Kompakt,1 499 cm3,102 KM,5,Biały
Peugeot,Partner,2017,41 900 PLN,148 000 km,Diesel,Manualna,Minivan,1 560 cm3,100 KM,5,Czarny
Peugeot,308,2017,37 999 PLN,194 350 km,Diesel,Automatyczna,Kombi,1 560 cm3,120 KM,5,Czarny
Peugeot,308,2008,12 000 PLN,265 000 km,Diesel,Manualna,Auta małe,1 560 cm3,109 KM,5,Niebieski
Peugeot,508,2020,69 900 PLN,140 068 km,Diesel,Manualna,Sedan,1 499 cm3,130 KM,5,Biały
Peugeot,3008,2018,79 900 PLN,108 000 km,Diesel,Manualna,SUV,1 499 cm3,130 KM,5,Biały
Peugeot,5008,2019,72 500 PLN,148 000 km,Diesel,Automatyczna,SUV,1 499 cm3,130 KM,5,Szary
Peugeot,3008,2024,132 900 PLN,5 km,Hybryda,Automatyczna,SUV,1 199 cm3,136 KM,5,Szary
Peugeot,508,2016,45 900 PLN,217 000 km,Diesel,Automatyczna,Kombi,1 997 cm3,180 KM,5,Biały
Peugeot,3008,2017,50 900 PLN,88 897 km,Benzyna,Manualna,SUV,1 199 cm3,130 KM,5,Granatowy
Peugeot,308,2015,29 900 PLN,150 000 km,Benzyna,Manualna,Kombi,1 199 cm3,130 KM,5,Srebrny
Peugeot,Rifter,2020,62 500 PLN,155 000 km,Diesel,Automatyczna,Minivan,1 499 cm3,131 KM,5,Biały
Peugeot,5008,2018,68 900 PLN,160 000 km,Diesel,Manualna,SUV,1 499 cm3,130 KM,5,Czarny
Peugeot,508,2015,47 900 PLN,217 000 km,Diesel,Automatyczna,Kombi,1 997 cm3,180 KM,5,Czarny
Peugeot,Partner,2008,22 500 PLN,262 000 km,Diesel,Manualna,Minivan,1 560 cm3,110 KM,4,Szary
Peugeot,508,2011,22 400 PLN,260 000 km,Benzyna,Manualna,Sedan,1 598 cm3,156 KM,5,Biały
Peugeot,208,2012,24 900 PLN,68 000 km,Benzyna,Manualna,Kompakt,1 397 cm3,95 KM,5,Inny kolor
Peugeot,508,2016,44 500 PLN,124 457 km,Diesel,Manualna,Sedan,1 560 cm3,115 KM,4,Czarny
Peugeot,208,2015,30 000 PLN,90 039 km,Benzyna,Manualna,Kompakt,1 199 cm3,82 KM,5,Biały
Peugeot,Partner,2019,39 900 PLN,192 000 km,Diesel,Manualna,Minivan,1 560 cm3,100 KM,5,Biały
Peugeot,208,2024,85 450 PLN,1 km,Benzyna,Manualna,Kompakt,1 199 cm3,100 KM,5,Szary
Peugeot,5008,2020,102 900 PLN,59 899 km,Diesel,Automatyczna,Minivan,1 499 cm3,130 KM,5,Czarny
Peugeot,208,2014,24 900 PLN,60 000 km,Benzyna,Manualna,Kompakt,999 cm3,68 KM,5,Biały
Peugeot,308,2011,16 900 PLN,201 500 km,Benzyna,Manualna,Auta miejskie,1 598 cm3,120 KM,5,Srebrny
Peugeot,208,2020,51 900 PLN,63 659 km,Benzyna,Manualna,Kompakt,1 199 cm3,75 KM,5,Srebrny
Peugeot,508,2015,30 900 PLN,282 000 km,Diesel,Manualna,Sedan,1 560 cm3,120 KM,4,Czarny
Peugeot,308,2014,12 900 PLN,201 000 km,Diesel,Manualna,Kombi,1 560 cm3,112 KM,5,Czarny
Peugeot,Partner,2008,23 900 PLN,137 100 km,Benzyna,Manualna,Minivan,1 587 cm3,109 KM,5,Szary
Peugeot,308,2022,84 700 PLN,35 000 km,Benzyna,Manualna,Auta miejskie,1 199 cm3,130 KM,5,Czarny
Peugeot,308,2016,38 800 PLN,92 000 km,Diesel,Manualna,Kombi,1 560 cm3,120 KM,5,Inny kolor
Peugeot,2008,2016,25 300 PLN,182 000 km,Diesel,Manualna,SUV,1 560 cm3,100 KM,5,Inny kolor
Peugeot,5008,2018,49 900 PLN,74 500 km,Benzyna,Manualna,SUV,1 199 cm3,130 KM,5,Czarny
Peugeot,208,2012,19 999 PLN,116 000 km,Benzyna,Manualna,Auta miejskie,1 397 cm3,95 KM,3,Fioletowy
Peugeot,508,2013,29 900 PLN,215 900 km,Diesel,Manualna,Kombi,1 997 cm3,140 KM,5,Biały
Peugeot,3008,2015,37 900 PLN,93 000 km,Benzyna,Manualna,SUV,1 598 cm3,156 KM,5,Czarny
Peugeot,508,2016,73 000 PLN,80 000 km,Hybryda,Automatyczna,Kombi,1 997 cm3,163 KM,5,Szary
Peugeot,308,2019,25 800 PLN,87 500 km,Diesel,Manualna,Kombi,1 499 cm3,102 KM,5,Szary
Peugeot,508,2014,45 000 PLN,170 300 km,Diesel,Manualna,Kombi,1 997 cm3,140 KM,5,Inny kolor
Peugeot,3008,2021,79 999 PLN,116 120 km,Diesel,Manualna,SUV,1 499 cm3,131 KM,5,Zielony
Peugeot,5008,2010,24 990 PLN,233 400 km,Diesel,Manualna,SUV,1 997 cm3,149 KM,5,Złoty
Peugeot,3008,2021,67 300 PLN,189 555 km,Diesel,Manualna,SUV,1 499 cm3,130 KM,5,Inny kolor
Peugeot,508,2016,44 900 PLN,167 649 km,Benzyna,Automatyczna,Sedan,1 598 cm3,164 KM,5,Szary
Peugeot,3008,2021,106 900 PLN,126 800 km,Benzyna,Automatyczna,SUV,1 598 cm3,181 KM,5,Inny kolor
Peugeot,Expert,2016,62 000 PLN,224 000 km,Diesel,Manualna,Minivan,1 997 cm3,150 KM,4,Szary
Peugeot,3008,2018,73 900 PLN,200 000 km,Diesel,Automatyczna,SUV,1 997 cm3,180 KM,5,Czarny
Peugeot,2008,2014,32 900 PLN,180 000 km,Diesel,Manualna,SUV,1 560 cm3,92 KM,5,Brązowy
Peugeot,5008,2021,117 300 PLN,158 255 km,Diesel,Automatyczna,SUV,1 997 cm3,180 KM,5,Szary
Peugeot,Partner,2012,25 900 PLN,221 147 km,Diesel,Manualna,Minivan,1 560 cm3,75 KM,5,Szary
Peugeot,407,2011,19 999 PLN,199 000 km,Benzyna,Manualna,Kombi,1 997 cm3,140 KM,5,Granatowy
Peugeot,5008,2019,79 900 PLN,189 000 km,Benzyna,Automatyczna,SUV,1 598 cm3,180 KM,5,Szary
Peugeot,208,2012,18 900 PLN,180 000 km,Benzyna,Manualna,Kompakt,1 397 cm3,95 KM,5,Inny kolor
Peugeot,5008,2018,98 500 PLN,140 000 km,Diesel,Automatyczna,SUV,1 997 cm3,180 KM,5,Zielony
Peugeot,5008,2013,32 200 PLN,192 600 km,Diesel,Manualna,Minivan,1 997 cm3,150 KM,5,Szary
Peugeot,2008,2017,36 500 PLN,98 000 km,Benzyna,Manualna,SUV,1 199 cm3,110 KM,5,Czerwony
Peugeot,2008,2017,37 900 PLN,140 300 km,Benzyna,Automatyczna,SUV,1 199 cm3,110 KM,5,Szary
Peugeot,2008,2015,34 900 PLN,48 000 km,Benzyna,Manualna,SUV,1 199 cm3,82 KM,5,Czerwony
Peugeot,307 CC,2007,11 900 PLN,194 000 km,Benzyna,Manualna,Kabriolet,1 997 cm3,140 KM,2,Czarny
Peugeot,3008,2021,95 900 PLN,43 000 km,Diesel,Automatyczna,SUV,1 499 cm3,131 KM,5,Biały
Peugeot,308,2016,32 500 PLN,161 818 km,Diesel,Manualna,Kombi,1 560 cm3,99 KM,5,Szary
Peugeot,308,2014,32 999 PLN,184 982 km,Diesel,Manualna,Kombi,1 560 cm3,120 KM,5,Biały
Peugeot,301,2013,18 900 PLN,139 600 km,Benzyna,Manualna,Sedan,1 199 cm3,72 KM,4,Biały
Peugeot,3008,2020,63 600 PLN,15 500 km,Benzyna,Automatyczna,SUV,1 199 cm3,131 KM,5,Granatowy
Peugeot,208,2017,34 900 PLN,160 000 km,Benzyna,Manualna,Kompakt,1 199 cm3,110 KM,5,Niebieski
Peugeot,207,2007,8 700 PLN,155 000 km,Benzyna,Manualna,Auta małe,1 397 cm3,95 KM,3,Srebrny
Peugeot,308,2011,23 900 PLN,189 000 km,Diesel,Manualna,Kompakt,1 997 cm3,140 KM,5,Czarny
Peugeot,508,2014,45 900 PLN,172 000 km,Diesel,Automatyczna,Kombi,1 997 cm3,163 KM,5,Czarny
Peugeot,508,2014,38 500 PLN,283 000 km,Diesel,Manualna,Kombi,1 997 cm3,150 KM,5,Czarny
Peugeot,508,2013,27 900 PLN,213 000 km,Benzyna,Manualna,Kombi,1 598 cm3,156 KM,5,Czarny
Peugeot,Partner,2012,22 900 PLN,252 000 km,Diesel,Manualna,Minivan,1 560 cm3,92 KM,5,Brązowy
Peugeot,2008,2020,69 900 PLN,105 000 km,Diesel,Manualna,SUV,1 499 cm3,102 KM,5,Bordowy
Peugeot,308,2020,28 900 PLN,43 000 km,Benzyna,Manualna,Auta miejskie,1 199 cm3,130 KM,5,Czarny
Peugeot,5008,2011,29 999 PLN,175 000 km,Benzyna,Manualna,Kombi,1 598 cm3,156 KM,5,Szary
Peugeot,407,2007,10 900 PLN,252 360 km,Diesel,Manualna,Kombi,1 997 cm3,136 KM,5,Srebrny
Peugeot,508,2020,79 900 PLN,168 000 km,Benzyna,Automatyczna,Sedan,1 598 cm3,180 KM,5,Czarny
Peugeot,308,2015,23 900 PLN,231 000 km,Diesel,Manualna,Kombi,1 560 cm3,120 KM,5,Czarny
Peugeot,3008,2017,69 900 PLN,37 000 km,Benzyna,Manualna,SUV,1 199 cm3,130 KM,5,Biały
Peugeot,308,2010,17 000 PLN,93 741 km,Benzyna,Manualna,Kompakt,1 598 cm3,120 KM,5,Srebrny
Peugeot,308,2016,42 400 PLN,107 000 km,Benzyna,Manualna,Kompakt,1 598 cm3,205 KM,5,Niebieski
Peugeot,208,2014,25 000 PLN,84 200 km,Benzyna,Manualna,Kompakt,1 199 cm3,82 KM,5,Czarny
Peugeot,2008,2016,39 400 PLN,79 893 km,Benzyna,Automatyczna,SUV,1 199 cm3,110 KM,5,Srebrny
Peugeot,5008,2020,78 900 PLN,94 160 km,Diesel,Automatyczna,SUV,1 499 cm3,130 KM,5,Szary
Peugeot,308,2013,10 000 PLN,301 000 km,Diesel,Manualna,Kompakt,1 560 cm3,115 KM,5,Biały
Peugeot,RCZ,2012,35 999 PLN,203 487 km,Diesel,Manualna,Coupe,1 997 cm3,163 KM,2,Biały
Peugeot,3008,2015,38 500 PLN,152 000 km,Diesel,Manualna,SUV,1 560 cm3,120 KM,5,Biały
Peugeot,508,2017,47 900 PLN,222 300 km,Diesel,Manualna,Kombi,1 997 cm3,150 KM,5,Inny kolor
Peugeot,208,2017,39 208 PLN,66 150 km,Benzyna,Manualna,Kompakt,1 199 cm3,110 KM,5,Pomarańczowy
Peugeot,508,2015,42 300 PLN,149 000 km,Diesel,Manualna,Kombi,1 997 cm3,140 KM,5,Brązowy
Peugeot,2008,2015,34 900 PLN,106 445 km,Benzyna,Manualna,SUV,1 199 cm3,110 KM,5,Szary
Peugeot,508,2016,44 900 PLN,179 000 km,Benzyna,Automatyczna,Kombi,1 598 cm3,165 KM,5,Srebrny
Peugeot,iOn,2012,18 800 PLN,69 452 km,Elektryczny,Automatyczna,Auta małe,,67 KM,5,Biały
Peugeot,308,2017,27 900 PLN,159 000 km,Diesel,Automatyczna,Auta miejskie,1 560 cm3,120 KM,5,Czarny
Peugeot,508,2015,48 000 PLN,225 000 km,Diesel,Automatyczna,Sedan,1 997 cm3,180 KM,5,Inny kolor
Peugeot,5008,2018,88 900 PLN,199 000 km,Diesel,Automatyczna,SUV,1 997 cm3,180 KM,5,Czarny
Peugeot,2008,2015,31 500 PLN,230 000 km,Diesel,Manualna,SUV,1 560 cm3,120 KM,5,Biały
Peugeot,5008,2021,117 000 PLN,66 500 km,Benzyna,Automatyczna,SUV,1 199 cm3,130 KM,5,Biały
Peugeot,508,2022,114 900 PLN,34 800 km,Benzyna,Automatyczna,Kombi,1 199 cm3,130 KM,5,Biały
Peugeot,508,2024,149 900 PLN,5 126 km,Hybryda,Automatyczna,Sedan,1 598 cm3,180 KM,5,Biały
Peugeot,508,2017,60 000 PLN,198 000 km,Diesel,Automatyczna,Kombi,1 997 cm3,180 KM,5,Biały
Peugeot,5008,2014,35 900 PLN,221 000 km,Diesel,Manualna,Minivan,1 997 cm3,150 KM,5,Biały
Peugeot,308,2016,31 500 PLN,185 200 km,Diesel,Manualna,Kombi,1 560 cm3,120 KM,5,Biały
Peugeot,308,2022,81 899,82 000 km,Diesel,Automatyczna,Kombi,1 499 cm3,130 KM,5,Szary
Peugeot,308,2008,16 900 PLN,166 000 km,Benzyna,Automatyczna,Auta miejskie,1 598 cm3,140 KM,5,Bordowy
Peugeot,208,2020,69 900 PLN,55 000 km,Elektryczny,Automatyczna,Auta małe,,136 KM,5,Biały
Peugeot,308,2014,25 500 PLN,233 000 km,Diesel,Manualna,Kombi,1 560 cm3,120 KM,5,Brązowy
Peugeot,Partner,2018,43 800 PLN,179 800 km,Diesel,Manualna,Minivan,1 560 cm3,100 KM,5,Biały
Peugeot,508,2014,38 900 PLN,156 000 km,Benzyna,Manualna,Sedan,1 598 cm3,165 KM,5,Inny kolor
Peugeot,2008,2021,84 500 PLN,19 100 km,Benzyna,Manualna,SUV,1 199 cm3,130 KM,5,Szary
Peugeot,5008,2013,27 900 PLN,207 000 km,Benzyna,Manualna,Minivan,1 598 cm3,88 KM,5,Czarny
Peugeot,5008,2011,22 900 PLN,235 000 km,Benzyna,Manualna,Minivan,1 598 cm3,156 KM,5,Biały
Peugeot,508,2011,27 700 PLN,220 000 km,Diesel,Automatyczna,Kombi,1 997 cm3,163 KM,5,Czarny
Peugeot,407,2005,4 759 PLN,268 427 km,Diesel,Manualna,Sedan,1 560 cm3,110 KM,5,Fioletowy
Peugeot,508,2013,26 000 PLN,157 365 km,Diesel,Manualna,Sedan,1 560 cm3,115 KM,4,Czarny
Peugeot,508,2019,69 900 PLN,68 488 km,Diesel,Manualna,Kombi,1 499 cm3,130 KM,5,Szary
Peugeot,3008,2023,115 900 PLN,15 500 km,Benzyna,Automatyczna,SUV,1 199 cm3,130 KM,5,Biały
Peugeot,3008,2020,69 900 PLN,134 472 km,Diesel,Manualna,SUV,1 499 cm3,130 KM,5,Biały
Peugeot,208,2016,23 400 PLN,117 439 km,Benzyna,Manualna,Auta małe,1 199 cm3,82 KM,5,Czerwony
Peugeot,5008,2019,98 900 PLN,141 000 km,Diesel,Automatyczna,SUV,1 997 cm3,180 KM,5,Inny kolor
Peugeot,208,2024,95 300 PLN,1 km,Benzyna,Automatyczna,Kompakt,1 199 cm3,100 KM,5,Niebieski
Peugeot,308,2017,49 900 PLN,81 200 km,Diesel,Manualna,Kombi,1 560 cm3,120 KM,5,Niebieski
Peugeot,207,2010,13 900 PLN,179 000 km,Benzyna,Manualna,Auta miejskie,1 360 cm3,73 KM,3,Czerwony
Peugeot,2008,2018,50 000 PLN,85 989 km,Benzyna,Automatyczna,SUV,1 199 cm3,110 KM,5,Biały
Peugeot,2008,2017,27 600 PLN,100 015 km,Benzyna,Manualna,SUV,1 199 cm3,110 KM,5,Biały
Peugeot,208,2022,68 000 PLN,35 000 km,Benzyna,Automatyczna,Kompakt,1 199 cm3,102 KM,5,Srebrny
Peugeot,308,2018,53 500 PLN,61 877 km,Benzyna,Automatyczna,Kombi,1 199 cm3,130 KM,5,Niebieski
Peugeot,208,2017,32 000 PLN,73 698 km,Benzyna,Manualna,Kompakt,1 199 cm3,82 KM,5,Srebrny
Peugeot,308,2022,93 000 PLN,50 119 km,Benzyna,Automatyczna,Kompakt,1 199 cm3,130 KM,5,Zielony
Peugeot,308,2022,49 900 PLN,65 000 km,Diesel,Manualna,Kombi,1 499 cm3,130 KM,5,Szary
Peugeot,308,2014,31 000 PLN,160 000 km,Diesel,Manualna,Auta miejskie,1 560 cm3,92 KM,5,Srebrny
Peugeot,208,2017,29 999 PLN,47 200 km,Benzyna,Manualna,Auta miejskie,1 199 cm3,82 KM,5,Biały
Peugeot,508,2012,39 900 PLN,232 100 km,Hybryda,Automatyczna,Kombi,1 997 cm3,163 KM,5,Brązowy
Peugeot,5008,2017,79 900 PLN,149 000 km,Diesel,Automatyczna,SUV,1 560 cm3,120 KM,5,Czarny
Peugeot,407,2006,12 999 PLN,170 000 km,Benzyna+LPG,Automatyczna,Coupe,2 946 cm3,211 KM,2,Srebrny
Peugeot,208,2022,31 900 PLN,12 000 km,Benzyna,Manualna,Auta małe,1 199 cm3,75 KM,5,Szary
Peugeot,308,2023,119 900 PLN,14 200 km,Elektryczny,Automatyczna,Kompakt,,156 KM,5,Zielony
Peugeot,2008,2021,94 500 PLN,18 000 km,Elektryczny,Automatyczna,SUV,,136 KM,5,Czarny
Peugeot,308,2010,15 900 PLN,188 000 km,Benzyna,Manualna,Auta miejskie,1 598 cm3,120 KM,5,Szary
Peugeot,508,2012,34 000 PLN,236 000 km,Diesel,Automatyczna,Kombi,1 997 cm3,163 KM,5,Brązowy
Peugeot,208,2016,30 900 PLN,130 700 km,Diesel,Manualna,Auta małe,1 560 cm3,99 KM,5,Czarny
Peugeot,508,2011,21 900 PLN,220 000 km,Diesel,Automatyczna,Kombi,1 560 cm3,115 KM,5,Inny kolor
Peugeot,407,2007,5 000 PLN,398 284 km,Diesel,Manualna,Kombi,1 560 cm3,110 KM,5,Czarny
Peugeot,308,2020,39 900 PLN,153 123 km,Benzyna,Automatyczna,Auta miejskie,1 199 cm3,130 KM,5,Srebrny
Peugeot,208,2022,14 900 PLN,25 123 km,Benzyna,Manualna,Auta miejskie,1 199 cm3,102 KM,5,Czarny
Peugeot,308,2015,24 900 PLN,240 000 km,Diesel,Manualna,Kombi,1 560 cm3,92 KM,5,Inny kolor
Peugeot,308,2015,39 500 PLN,112 000 km,Diesel,Manualna,Kompakt,1 560 cm3,120 KM,5,Granatowy
Peugeot,3008,2021,99 900 PLN,88 000 km,Hybryda Plug-in,Automatyczna,SUV,1 598 cm3,181 KM,5,Szary
Peugeot,Traveller,2017,71 586 PLN,260 000 km,Diesel,Manualna,Minivan,1 997 cm3,150 KM,5,Szary
Peugeot,508,2013,29 900 PLN,255 000 km,Hybryda,Automatyczna,Sedan,1 997 cm3,163 KM,4,Szary
Peugeot,iOn,2015,24 300 PLN,62 083 km,Elektryczny,Automatyczna,Auta małe,,67 KM,5,Czarny
Peugeot,208,2024,92 300 PLN,1 km,Benzyna,Manualna,Kompakt,1 199 cm3,100 KM,5,Szary
Peugeot,308,2014,32 000 PLN,74 000 km,Diesel,Manualna,Kompakt,1 560 cm3,92 KM,5,Czerwony
Peugeot,508,2014,33 999 PLN,261 050 km,Diesel,Automatyczna,Kombi,1 997 cm3,163 KM,5,Czarny
Peugeot,Expert,2007,12 900 PLN,220 000 km,Diesel,Manualna,SUV,1 997 cm3,110 KM,4,Biały
Peugeot,508,2019,73 900 PLN,107 500 km,Diesel,Manualna,Sedan,1 499 cm3,130 KM,5,Czarny
Peugeot,408,2024,154 900 PLN,1 km,Benzyna,Automatyczna,Kompakt,1 199 cm3,136 KM,5,Biały
Peugeot,3008,2017,59 999 PLN,147 304 km,Benzyna,Manualna,SUV,1 199 cm3,131 KM,5,Inny kolor
Peugeot,3008,2017,74 900 PLN,95 000 km,Benzyna,Automatyczna,SUV,1 598 cm3,165 KM,5,Złoty
Peugeot,3008,2019,69 900 PLN,141 000 km,Diesel,Manualna,SUV,1 499 cm3,130 KM,5,Granatowy
Peugeot,508,2013,23 000 PLN,263 000 km,Diesel,Manualna,Kombi,1 997 cm3,140 KM,5,Czarny
Peugeot,308,2023,94 900 PLN,12 760 km,Benzyna,Automatyczna,Kompakt,1 199 cm3,130 KM,5,Zielony
Peugeot,Rifter,2018,66 900 PLN,145 110 km,Diesel,Manualna,Minivan,1 499 cm3,130 KM,5,Niebieski
Peugeot,308,2016,56 900 PLN,193 020 km,Benzyna,Manualna,Kompakt,1 598 cm3,272 KM,5,Bordowy
Peugeot,Partner,2012,22 800 PLN,204 217 km,Diesel,Manualna,Minivan,1 560 cm3,75 KM,5,Czarny
Peugeot,3008,2018,69 900 PLN,194 500 km,Diesel,Automatyczna,SUV,1 499 cm3,130 KM,5,Szary
Peugeot,2008,2018,43 700 PLN,117 000 km,Benzyna,Manualna,SUV,1 199 cm3,110 KM,5,Biały
Peugeot,3008,2012,18 000 PLN,81 600 km,Benzyna,Automatyczna,Kompakt,1 598 cm3,156 KM,5,Srebrny
Peugeot,208,2013,19 000 PLN,130 935 km,Benzyna,Manualna,Auta miejskie,1 199 cm3,82 KM,5,Szary
Peugeot,208,2017,31 900 PLN,67 466 km,Benzyna,Manualna,Auta miejskie,1 199 cm3,82 KM,5,Inny kolor
Peugeot,208,2012,23 999 PLN,212 112 km,Diesel,Automatyczna,Kompakt,1 398 cm3,68 KM,5,Czarny
Peugeot,407,2006,7 600 PLN,197 000 km,Benzyna,Manualna,Kombi,1 997 cm3,138 KM,5,Błękitny
Peugeot,508,2016,43 700 PLN,232 000 km,Diesel,Automatyczna,Sedan,1 997 cm3,180 KM,5,Czarny
Peugeot,308,2016,36 500 PLN,218 000 km,Diesel,Automatyczna,Kombi,1 560 cm3,120 KM,5,Inny kolor
Peugeot,308 CC,2013,33 500 PLN,164 000 km,Diesel,Manualna,Kabriolet,1 997 cm3,163 KM,2,Biały
Peugeot,308,2015,29 900 PLN,274 087 km,Diesel,Manualna,Kombi,1 560 cm3,120 KM,5,Granatowy
Peugeot,208,2023,74 900 PLN,2 100 km,Benzyna,Manualna,Kompakt,1 199 cm3,100 KM,5,Czerwony
Peugeot,5008,2013,26 000 PLN,257 500 km,Diesel,Automatyczna,SUV,1 997 cm3,163 KM,5,Inny kolor
Peugeot,5008,2014,9 900 PLN,208 000 km,Diesel,Manualna,SUV,1 997 cm3,163 KM,5,Inny kolor
Peugeot,108,2016,26 700 PLN,60 000 km,Benzyna,Automatyczna,Auta miejskie,998 cm3,69 KM,5,Inny kolor
Peugeot,508,2011,31 900 PLN,285 000 km,Diesel,Manualna,Kombi,1 997 cm3,163 KM,5,Czarny
Peugeot,508,2016,49 450 PLN,173 000 km,Diesel,Manualna,Kombi,1 997 cm3,140 KM,5,Czarny
Peugeot,508,2020,87 899,169 999 km,Benzyna,Automatyczna,Kombi,1 598 cm3,225 KM,5,Inny kolor
Peugeot,2008,2013,31 999 PLN,128 000 km,Benzyna,Manualna,SUV,1 598 cm3,120 KM,5,Biały
Peugeot,207 CC,2013,25 900 PLN,131 000 km,Diesel,Manualna,Kabriolet,1 560 cm3,112 KM,2,Srebrny
Peugeot,508,2013,32 000 PLN,230 000 km,Diesel,Manualna,Sedan,1 997 cm3,140 KM,5,Srebrny
Peugeot,208,2018,22 900 PLN,60 000 km,Benzyna,Manualna,Auta miejskie,1 199 cm3,68 KM,5,Czarny
Peugeot,2008,2016,33 500 PLN,105 000 km,Benzyna,Manualna,SUV,1 199 cm3,130 KM,5,Czarny
Peugeot,508,2013,21 900 PLN,224 000 km,Diesel,Manualna,Sedan,1 997 cm3,140 KM,4,Czarny
Peugeot,308,2012,19 500 PLN,199 340 km,Diesel,Manualna,Auta miejskie,1 560 cm3,92 KM,5,Czarny
Peugeot,207,2009,9 900 PLN,153 800 km,Benzyna,Manualna,Kombi,1 397 cm3,95 KM,5,Niebieski
Peugeot,308,2016,50 200 PLN,85 000 km,Diesel,Automatyczna,Kombi,1 997 cm3,150 KM,5,Srebrny
Peugeot,3008,2016,39 900 PLN,125 600 km,Diesel,Manualna,Minivan,1 560 cm3,120 KM,5,Czarny
Peugeot,508,2019,92 000 PLN,93 400 km,Diesel,Automatyczna,Kombi,1 997 cm3,177 KM,5,Czarny
Peugeot,208,2014,20 900 PLN,144 200 km,Diesel,Manualna,Auta małe,1 560 cm3,92 KM,5,Czarny
Peugeot,3008,2017,49 300 PLN,245 000 km,Diesel,Manualna,SUV,1 560 cm3,120 KM,5,Srebrny
Peugeot,308,2013,24 999 PLN,142 689 km,Benzyna,Manualna,Kompakt,1 199 cm3,82 KM,5,Szary
Peugeot,308,2016,32 900 PLN,202 586 km,Diesel,Manualna,Auta miejskie,1 560 cm3,99 KM,5,Srebrny
Peugeot,5008,2019,89 900 PLN,180 000 km,Diesel,Automatyczna,SUV,1 997 cm3,180 KM,5,Czarny
Peugeot,208,2018,28 999 PLN,57 000 km,Benzyna,Manualna,Auta miejskie,1 199 cm3,82 KM,5,Srebrny
Peugeot,208,2019,54 000 PLN,25 100 km,Benzyna,Manualna,Auta małe,1 199 cm3,75 KM,5,Biały
Peugeot,308,2011,17 900 PLN,195 000 km,Diesel,Manualna,Kombi,1 560 cm3,112 KM,5,Szary
Peugeot,508,2016,39 900 PLN,266 343 km,Diesel,Manualna,Kombi,1 997 cm3,150 KM,4,Biały
Peugeot,301,2014,19 000 PLN,127 000 km,Benzyna,Manualna,Sedan,1 199 cm3,72 KM,4,Biały
Peugeot,508,2015,44 900 PLN,303 000 km,Diesel,Automatyczna,Sedan,1 997 cm3,180 KM,5,Biały
Peugeot,508,2011,18 900 PLN,198 000 km,Benzyna,Manualna,Kombi,1 598 cm3,156 KM,5,Inny kolor
Peugeot,308,2017,56 700 PLN,181 000 km,Diesel,Automatyczna,Kompakt,1 997 cm3,177 KM,5,Srebrny
Peugeot,107,2006,6 000 PLN,221 200 km,Benzyna,Manualna,Auta małe,998 cm3,68 KM,3,Srebrny
Peugeot,5008,2018,79 800 PLN,172 000 km,Benzyna,Automatyczna,SUV,1 598 cm3,165 KM,5,Szary
Peugeot,508,2011,19 890 PLN,230 000 km,Benzyna,Manualna,Kombi,1 598 cm3,156 KM,5,Czarny
Peugeot,5008,2012,22 400 PLN,231 600 km,Diesel,Automatyczna,SUV,1 560 cm3,114 KM,5,Złoty
Peugeot,3008,2012,27 399 PLN,171 000 km,Diesel,Manualna,SUV,1 560 cm3,112 KM,5,Szary
Peugeot,508,2015,28 000 PLN,226 000 km,Diesel,Manualna,Kombi,1 997 cm3,140 KM,5,Czarny
Peugeot,208,2015,39 900 PLN,41 780 km,Benzyna,Automatyczna,Auta miejskie,1 199 cm3,110 KM,5,Biały
Peugeot,3008,2014,39 900 PLN,58 645 km,Diesel,Automatyczna,SUV,1 997 cm3,163 KM,5,Brązowy
Peugeot,308,2014,36 500 PLN,199 000 km,Diesel,Manualna,Kombi,1 997 cm3,150 KM,5,Srebrny
Peugeot,3008,2016,59 999 PLN,162 000 km,Benzyna,Manualna,SUV,1 199 cm3,130 KM,5,Czarny
Peugeot,Expert,2014,35 800 PLN,405 950 km,Diesel,Manualna,Minivan,1 997 cm3,163 KM,4,Brązowy
Peugeot,5008,2018,94 900 PLN,69 000 km,Diesel,Automatyczna,SUV,1 997 cm3,177 KM,5,Niebieski
Peugeot,508,2020,97 800 PLN,94 000 km,Hybryda Plug-in,Automatyczna,Kombi,1 598 cm3,200 KM,5,Biały
Peugeot,307,2003,2 590 PLN,330 000 km,Benzyna+LPG,Manualna,Kombi,1 587 cm3,110 KM,5,Czarny
Peugeot,308,2016,48 900 PLN,151 000 km,Diesel,Automatyczna,Kombi,1 997 cm3,181 KM,5,Czarny
Peugeot,308,2012,22 500 PLN,125 574 km,Diesel,Manualna,Kombi,1 560 cm3,92 KM,5,Czarny
Peugeot,508,2011,18 900 PLN,226 000 km,Benzyna,Automatyczna,Kombi,1 598 cm3,120 KM,4,Niebieski
Peugeot,3008,2019,77 700 PLN,86 500 km,Diesel,Automatyczna,SUV,1 499 cm3,130 KM,5,Biały
Peugeot,508,2012,27 500 PLN,183 000 km,Benzyna,Manualna,Kombi,1 598 cm3,156 KM,5,Czarny
Peugeot,Rifter,2020,52 029 PLN,228 000 km,Diesel,Manualna,Minivan,1 499 cm3,102 KM,5,Szary
Peugeot,2008,2017,42 900 PLN,141 000 km,Diesel,Manualna,SUV,1 560 cm3,75 KM,5,Szary
Peugeot,508,2015,35 900 PLN,190 000 km,Diesel,Automatyczna,Kombi,1 560 cm3,120 KM,5,Srebrny
Peugeot,Partner,2009,17 000 PLN,216 464 km,Diesel,Manualna,Minivan,1 560 cm3,110 KM,4,Srebrny
Peugeot,308,2014,31 500 PLN,151 900 km,Diesel,Manualna,Auta miejskie,1 560 cm3,115 KM,5,Srebrny
Peugeot,5008,2018,92 400 PLN,218 000 km,Diesel,Automatyczna,SUV,1 997 cm3,180 KM,5,Szary
Peugeot,Traveller,2018,74 000 PLN,182 000 km,Diesel,Manualna,Minivan,1 560 cm3,116 KM,5,Brązowy
Peugeot,508,2011,29 999 PLN,194 000 km,Benzyna,Manualna,Kombi,1 598 cm3,156 KM,5,Szary
Peugeot,308,2017,37 900 PLN,135 000 km,Benzyna,Automatyczna,Kompakt,1 199 cm3,130 KM,5,Czerwony
Peugeot,5008,2013,17 999 PLN,274 683 km,Diesel,Manualna,Kombi,1 997 cm3,150 KM,5,Srebrny
Peugeot,208,2014,20 900 PLN,204 000 km,Diesel,Manualna,Kompakt,1 560 cm3,92 KM,5,Czarny
Peugeot,508,2013,23 700 PLN,141 000 km,Diesel,Manualna,Kombi,1 560 cm3,114 KM,5,Szary
Peugeot,307,2003,4 900 PLN,311 800 km,Diesel,Manualna,Kompakt,1 997 cm3,90 KM,5,Fioletowy
Peugeot,508,2011,23 000 PLN,175 700 km,Benzyna,Manualna,Kombi,1 598 cm3,156 KM,5,Czarny
Peugeot,301,2014,13 900 PLN,152 400 km,Benzyna,Manualna,Sedan,1 587 cm3,115 KM,4,Beżowy
Peugeot,207,2006,8 500 PLN,173 730 km,Benzyna,Manualna,Kompakt,1 360 cm3,88 KM,5,Złoty
Peugeot,308,2015,29 900 PLN,239 000 km,Diesel,Manualna,Kombi,1 560 cm3,120 KM,5,Czarny
Peugeot,308,2014,29 800 PLN,201 000 km,Diesel,Manualna,Kombi,1 560 cm3,115 KM,5,Szary
Peugeot,2008,2016,29 900 PLN,93 000 km,Benzyna,Manualna,SUV,1 199 cm3,82 KM,5,Czarny
Peugeot,208,2020,41 900 PLN,46 000 km,Benzyna,Automatyczna,Auta miejskie,1 199 cm3,101 KM,5,Czerwony
Peugeot,308,2017,39 900 PLN,169 000 km,Diesel,Automatyczna,Kompakt,1 560 cm3,120 KM,5,Biały
Peugeot,108,2015,19 900 PLN,29 000 km,Benzyna,Manualna,Auta małe,998 cm3,60 KM,3,Biały
Peugeot,Partner,2018,53 500 PLN,140 000 km,Diesel,Manualna,Minivan,1 560 cm3,100 KM,5,Szary
Peugeot,807,2007,20 000 PLN,198 412 km,Diesel,Manualna,Minivan,1 997 cm3,120 KM,5,Srebrny
Peugeot,308,2008,7 200 PLN,310 000 km,Diesel,Manualna,Auta małe,1 560 cm3,90 KM,3,Granatowy
Peugeot,208,2019,78 000 PLN,33 000 km,Benzyna,Automatyczna,Kompakt,1 199 cm3,130 KM,5,Niebieski
Peugeot,5008,2020,99 900 PLN,120 000 km,Diesel,Automatyczna,SUV,1 499 cm3,130 KM,5,Czarny
Peugeot,2008,2018,56 500 PLN,45 722 km,Benzyna,Manualna,SUV,1 199 cm3,130 KM,5,Biały
Peugeot,Partner,2015,29 999 PLN,206 000 km,Diesel,Manualna,Minivan,1 560 cm3,99 KM,5,Biały
Peugeot,Rifter,2018,74 899,132 400 km,Diesel,Manualna,Minivan,1 499 cm3,130 KM,5,Czarny
Peugeot,308,2011,16 900 PLN,205 000 km,Diesel,Manualna,Kombi,1 560 cm3,112 KM,5,Srebrny
Peugeot,3008,2015,39 900 PLN,179 800 km,Hybryda,Automatyczna,SUV,1 997 cm3,163 KM,5,Szary
Peugeot,107,2010,12 900 PLN,160 000 km,Benzyna,Automatyczna,Auta małe,998 cm3,68 KM,5,Niebieski
Peugeot,508,2013,30 900 PLN,262 800 km,Diesel,Manualna,Kombi,1 997 cm3,163 KM,5,Biały
Peugeot,308,2013,18 500 PLN,150 000 km,Diesel,Manualna,Kompakt,1 560 cm3,92 KM,5,Szary
Peugeot,2008,2020,59 800 PLN,72 766 km,Benzyna,Manualna,SUV,1 199 cm3,130 KM,5,Czerwony
Peugeot,3008,2017,77 500 PLN,100 619 km,Benzyna,Automatyczna,SUV,1 598 cm3,165 KM,5,Inny kolor
Peugeot,3008,2017,69 900 PLN,159 000 km,Diesel,Automatyczna,SUV,1 560 cm3,120 KM,5,Czarny
Peugeot,2008,2019,57 800 PLN,40 100 km,Benzyna,Automatyczna,SUV,1 199 cm3,130 KM,5,Czarny
Peugeot,308,2015,38 900 PLN,175 000 km,Diesel,Manualna,Kombi,1 997 cm3,150 KM,5,Zielony
Peugeot,208,2018,26 000 PLN,51 078 km,Benzyna,Manualna,Coupe,1 199 cm3,68 KM,3,Czarny
Peugeot,508,2011,19 900 PLN,244 300 km,Diesel,Automatyczna,Kombi,1 997 cm3,163 KM,5,Niebieski
Peugeot,508,2014,28 999 PLN,186 700 km,Diesel,Manualna,Kombi,1 997 cm3,140 KM,5,Biały
Peugeot,3008,2019,84 600 PLN,40 000 km,Benzyna,Automatyczna,SUV,1 199 cm3,130 KM,5,Inny kolor
Peugeot,2008,2016,31 900 PLN,270 000 km,Diesel,Manualna,SUV,1 560 cm3,120 KM,5,Czarny
Peugeot,508,2011,31 900 PLN,188 000 km,Diesel,Manualna,Sedan,1 997 cm3,140 KM,4,Srebrny
Peugeot,2008,2013,36 500 PLN,62 500 km,Benzyna,Manualna,SUV,1 598 cm3,120 KM,5,Szary
Peugeot,RCZ,2012,33 700 PLN,120 000 km,Benzyna,Automatyczna,Coupe,1 598 cm3,156 KM,2,Czarny
Peugeot,208,2019,43 999 PLN,53 800 km,Benzyna,Manualna,Kompakt,1 199 cm3,82 KM,5,Czerwony
Peugeot,508,2015,46 000 PLN,200 400 km,Diesel,Automatyczna,Sedan,2 179 cm3,204 KM,5,Szary
Peugeot,308,2017,35 900 PLN,83 400 km,Benzyna,Manualna,Auta miejskie,1 199 cm3,110 KM,5,Niebieski
Peugeot,3008,2018,69 900 PLN,62 746 km,Diesel,Manualna,SUV,1 560 cm3,120 KM,5,Szary
Peugeot,5008,2012,22 900 PLN,155 000 km,Benzyna,Manualna,SUV,1 598 cm3,156 KM,5,Srebrny
Peugeot,2008,2016,32 800 PLN,181 556 km,Diesel,Manualna,SUV,1 560 cm3,99 KM,5,Szary
Peugeot,3008,2021,135 000 PLN,95 000 km,Benzyna,Automatyczna,SUV,1 598 cm3,180 KM,5,Czarny
Peugeot,508,2019,68 600 PLN,260 000 km,Diesel,Automatyczna,Kombi,1 997 cm3,163 KM,5,Inny kolor
Peugeot,308,2017,37 900 PLN,72 000 km,Benzyna,Manualna,Kombi,1 199 cm3,130 KM,5,Szary
Peugeot,2008,2017,49 900 PLN,104 049 km,Benzyna,Automatyczna,SUV,1 199 cm3,110 KM,5,Czerwony
Peugeot,208,2020,49 900 PLN,27 000 km,Benzyna,Manualna,Kompakt,1 199 cm3,101 KM,5,Czerwony
Peugeot,Rifter,2020,69 999 PLN,101 000 km,Diesel,Manualna,Minivan,1 499 cm3,102 KM,5,Srebrny
Peugeot,2008,2015,29 900 PLN,115 000 km,Benzyna,Manualna,SUV,1 199 cm3,110 KM,5,Beżowy
Peugeot,Partner,2018,42 900 PLN,143 000 km,Diesel,Manualna,Kombi,1 560 cm3,100 KM,5,Biały
Peugeot,408,2024,131 900 PLN,1 km,Benzyna,Automatyczna,Kompakt,1 199 cm3,130 KM,5,Niebieski
Peugeot,308,2018,30 990 PLN,198 000 km,Diesel,Manualna,Kombi,1 499 cm3,102 KM,5,Szary
Peugeot,Boxer,2017,65 000 PLN,220 000 km,Diesel,Manualna,Minivan,1 997 cm3,130 KM,5,Srebrny
Peugeot,2008,2016,32 900 PLN,140 000 km,Benzyna,Manualna,SUV,1 199 cm3,83 KM,5,Czarny
Peugeot,3008,2017,84 900 PLN,104 910 km,Benzyna,Automatyczna,SUV,1 598 cm3,165 KM,5,Szary
Peugeot,Rifter,2020,155 000 PLN,13 500 km,Diesel,Manualna,Minivan,1 499 cm3,102 KM,5,Szary
Peugeot,407,2009,10 900 PLN,242 000 km,Diesel,Manualna,Kombi,1 997 cm3,136 KM,5,Granatowy
Peugeot,2008,2020,82 900 PLN,83 250 km,Diesel,Automatyczna,SUV,1 499 cm3,130 KM,5,Czerwony
Peugeot,308,2017,45 700 PLN,93 600 km,Benzyna,Automatyczna,Kombi,1 199 cm3,130 KM,5,Czarny
Peugeot,2008,2019,48 000 PLN,55 000 km,Benzyna,Manualna,SUV,1 199 cm3,110 KM,5,Bordowy
Peugeot,207,2007,12 500 PLN,135 000 km,Benzyna,Manualna,Auta miejskie,1 598 cm3,120 KM,5,Niebieski
Peugeot,RCZ,2012,39 900 PLN,111 000 km,Benzyna,Automatyczna,Coupe,1 598 cm3,156 KM,2,Czarny
Peugeot,207 CC,2007,8 900 PLN,156 851 km,Benzyna,Manualna,Kabriolet,1 587 cm3,120 KM,2,Srebrny
Peugeot,508,2019,68 900 PLN,137 000 km,Diesel,Automatyczna,Kombi,1 499 cm3,130 KM,5,Czarny
Peugeot,2008,2021,68 900 PLN,150 000 km,Diesel,Automatyczna,SUV,1 499 cm3,130 KM,5,Szary
Peugeot,2008,2014,33 000 PLN,102 000 km,Benzyna,Automatyczna,SUV,1 598 cm3,120 KM,5,Srebrny
Peugeot,508,2020,86 900 PLN,132 344 km,Diesel,Automatyczna,Kompakt,1 997 cm3,177 KM,5,Biały
Peugeot,508,2014,23 900 PLN,312 000 km,Hybryda,Automatyczna,Sedan,1 997 cm3,163 KM,5,Czarny
Peugeot,308,2015,28 900 PLN,243 000 km,Diesel,Manualna,Kombi,1 560 cm3,120 KM,5,Czarny
Peugeot,308,2019,42 800 PLN,179 229 km,Benzyna,Manualna,Kombi,1 199 cm3,130 KM,5,Czarny
Peugeot,107,2007,8 700 PLN,180 000 km,Benzyna,Manualna,Auta miejskie,998 cm3,68 KM,5,Srebrny
Peugeot,407,2006,9 500 PLN,283 682 km,Benzyna+LPG,Manualna,Sedan,1 749 cm3,125 KM,4,Inny kolor
Peugeot,508,2017,54 800 PLN,250 000 km,Hybryda,Automatyczna,Kombi,1 997 cm3,163 KM,5,Czarny
Peugeot,5008,2011,24 900 PLN,243 000 km,Diesel,Manualna,Minivan,1 997 cm3,150 KM,5,Biały
Peugeot,308,2024,114 900 PLN,19 322 km,Benzyna,Automatyczna,Kompakt,1 199 cm3,130 KM,5,Szary
Peugeot,308,2016,28 999 PLN,219 000 km,Diesel,Manualna,Kombi,1 560 cm3,120 KM,5,Czarny
Peugeot,3008,2011,27 900 PLN,239 161 km,Diesel,Automatyczna,SUV,1 997 cm3,163 KM,5,Czarny
Peugeot,206 plus,2009,10 300 PLN,205 000 km,Benzyna,Manualna,Auta miejskie,1 360 cm3,75 KM,3,Czarny
Peugeot,508,2019,96 900 PLN,147 733 km,Benzyna,Automatyczna,Sedan,1 598 cm3,225 KM,5,Fioletowy
Peugeot,Partner,2009,19 500 PLN,265 000 km,Diesel,Manualna,Minivan,1 560 cm3,110 KM,4,Inny kolor
Peugeot,308,2014,19 900 PLN,270 000 km,Diesel,Manualna,Kombi,1 560 cm3,115 KM,5,Czarny
Peugeot,307,2006,9 999 PLN,179 900 km,Diesel,Manualna,Kombi,1 560 cm3,109 KM,5,Szary
Peugeot,508,2011,23 700 PLN,271 000 km,Diesel,Automatyczna,Sedan,1 560 cm3,111 KM,4,Czarny
Peugeot,307,2006,8 500 PLN,199 000 km,Benzyna,Manualna,Kombi,1 587 cm3,109 KM,5,Szary
Peugeot,106,1999,1 350 PLN,148 000 km,Benzyna,Manualna,Kompakt,1 124 cm3,60 KM,5,Zielony
Peugeot,5008,2017,72 899,226 000 km,Diesel,Automatyczna,SUV,1 560 cm3,120 KM,5,Czarny
Peugeot,5008,2020,100 900 PLN,59 818 km,Diesel,Automatyczna,Minivan,1 499 cm3,130 KM,5,Czarny
Peugeot,5008,2017,63 800 PLN,125 000 km,Benzyna,Manualna,SUV,1 199 cm3,130 KM,5,Niebieski
Peugeot,2008,2015,29 500 PLN,152 000 km,Benzyna,Manualna,SUV,1 199 cm3,130 KM,5,Niebieski
Peugeot,5008,2024,163 900 PLN,13 527 km,Diesel,Automatyczna,Minivan,1 499 cm3,130 KM,5,Zielony
Peugeot,3008,2018,74 900 PLN,76 704 km,Benzyna,Automatyczna,SUV,1 197 cm3,130 KM,5,Bordowy
Peugeot,308,2015,25 900 PLN,215 500 km,Diesel,Manualna,Kombi,1 560 cm3,92 KM,5,Czarny
Peugeot,2008,2018,54 900 PLN,101 000 km,Benzyna,Automatyczna,SUV,1 199 cm3,110 KM,5,Bordowy
Peugeot,5008,2019,124 500 PLN,97 000 km,Diesel,Automatyczna,SUV,1 997 cm3,177 KM,5,Czarny
Peugeot,206 plus,2012,10 300 PLN,199 876 km,Benzyna,Manualna,Auta miejskie,1 124 cm3,60 KM,5,Srebrny
Peugeot,308,2021,72 500 PLN,83 500 km,Diesel,Automatyczna,Kombi,1 499 cm3,130 KM,5,Biały
Peugeot,3008,2019,69 700 PLN,120 000 km,Diesel,Automatyczna,SUV,1 499 cm3,131 KM,5,Biały
Peugeot,207,2008,5 990 PLN,239 000 km,Benzyna,Manualna,Auta miejskie,1 360 cm3,88 KM,5,Srebrny
Peugeot,308,2014,29 600 PLN,240 000 km,Diesel,Manualna,Kombi,1 560 cm3,120 KM,5,Brązowy
Peugeot,2008,2020,82 500 PLN,41 000 km,Benzyna,Manualna,SUV,1 199 cm3,130 KM,5,Czerwony
Peugeot,107,2006,13 500 PLN,142 500 km,Benzyna,Manualna,Auta małe,998 cm3,68 KM,5,Czerwony
Peugeot,2008,2015,34 900 PLN,209 475 km,Diesel,Manualna,SUV,1 560 cm3,120 KM,5,Brązowy
Peugeot,308,2014,25 500 PLN,248 700 km,Diesel,Manualna,Kombi,1 560 cm3,115 KM,5,Inny kolor
Peugeot,508,2013,29 900 PLN,259 000 km,Diesel,Automatyczna,Kombi,1 560 cm3,114 KM,5,Czarny
Peugeot,3008,2021,98 900 PLN,54 904 km,Benzyna,Automatyczna,SUV,1 199 cm3,130 KM,5,Szary
Peugeot,RCZ,2015,56 000 PLN,133 000 km,Benzyna,Manualna,Coupe,1 598 cm3,200 KM,2,Brązowy
Peugeot,3008,2019,52 900 PLN,64 000 km,Benzyna,Automatyczna,SUV,1 598 cm3,180 KM,5,Czarny
Peugeot,5008,2012,27 900 PLN,189 400 km,Diesel,Manualna,Minivan,1 997 cm3,150 KM,5,Srebrny
Peugeot,5008,2017,64 900 PLN,199 000 km,Diesel,Manualna,SUV,1 560 cm3,120 KM,5,Inny kolor
Peugeot,308,2015,29 900 PLN,104 660 km,Benzyna,Manualna,Auta miejskie,1 199 cm3,110 KM,5,Bordowy
Peugeot,208,2021,67 000 PLN,36 000 km,Benzyna,Automatyczna,Kompakt,1 199 cm3,102 KM,5,Biały
Peugeot,RCZ,2011,34 900 PLN,249 000 km,Diesel,Manualna,Coupe,1 997 cm3,163 KM,2,Biały
Peugeot,3008,2018,64 900 PLN,188 000 km,Diesel,Manualna,SUV,1 560 cm3,120 KM,5,Zielony
Peugeot,3008,2020,84 900 PLN,192 100 km,Diesel,Automatyczna,SUV,1 997 cm3,177 KM,5,Biały
Peugeot,208,2014,28 500 PLN,158 000 km,Diesel,Manualna,Auta miejskie,1 560 cm3,120 KM,5,Czarny
Peugeot,207,2010,12 800 PLN,154 000 km,Diesel,Manualna,Kompakt,1 398 cm3,68 KM,5,Biały
Peugeot,206,2003,6 900 PLN,173 384 km,Benzyna,Manualna,Kabriolet,1 587 cm3,110 KM,3,Srebrny
Peugeot,508,2019,99 500 PLN,124 000 km,Diesel,Automatyczna,Sedan,1 997 cm3,177 KM,5,Biały
Peugeot,Bipper,2011,4 990 PLN,298 000 km,Diesel,Manualna,Kombi,1 398 cm3,68 KM,4,Biały
Peugeot,308,2018,46 999 PLN,165 000 km,Diesel,Automatyczna,Kombi,1 560 cm3,120 KM,5,Granatowy
Peugeot,508,2011,25 000 PLN,120 000 km,Benzyna,Manualna,Sedan,1 598 cm3,156 KM,5,Czarny
Peugeot,3008,2020,66 200 PLN,179 666 km,Diesel,Manualna,SUV,1 499 cm3,131 KM,5,Biały
Peugeot,208,2021,78 500 PLN,30 700 km,Elektryczny,Automatyczna,Auta miejskie,,136 KM,5,Czerwony
Peugeot,3008,2018,66 200 PLN,138 555 km,Diesel,Automatyczna,SUV,1 499 cm3,131 KM,5,Szary
Peugeot,5008,2014,34 000 PLN,148 000 km,Diesel,Manualna,Minivan,1 560 cm3,115 KM,5,Biały
Peugeot,508,2011,27 500 PLN,281 802 km,Diesel,Manualna,Kombi,1 997 cm3,140 KM,5,Czarny
Peugeot,308,2016,33 900 PLN,155 700 km,Diesel,Manualna,Auta miejskie,1 560 cm3,99 KM,5,Brązowy
Peugeot,208,2013,17 300 PLN,205 454 km,Diesel,Manualna,Auta miejskie,1 398 cm3,68 KM,3,Biały
Peugeot,207,2008,8 500 PLN,210 500 km,Diesel,Manualna,Auta miejskie,1 560 cm3,90 KM,5,Niebieski
Peugeot,508,2011,20 500 PLN,319 358 km,Diesel,Manualna,Sedan,1 997 cm3,163 KM,5,Czarny
Peugeot,Partner,2015,35 600 PLN,152 000 km,Diesel,Manualna,Minivan,1 560 cm3,99 KM,5,Brązowy
Peugeot,308,2015,30 000 PLN,212 000 km,Diesel,Manualna,Kombi,1 560 cm3,120 KM,5,Granatowy
Peugeot,5008,2015,30 000 PLN,278 000 km,Diesel,Manualna,Minivan,1 997 cm3,150 KM,5,Granatowy
Peugeot,208,2020,74 900 PLN,5 200 km,Benzyna,Automatyczna,Kompakt,1 199 cm3,102 KM,5,Bordowy
Peugeot,3008,2017,71 900 PLN,95 000 km,Benzyna,Automatyczna,SUV,1 199 cm3,130 KM,5,Brązowy
Peugeot,Expert,2018,115 000 PLN,133 000 km,Diesel,Automatyczna,Minivan,1 997 cm3,177 KM,4,Brązowy
Peugeot,3008,2019,115 000 PLN,65 000 km,Diesel,Automatyczna,SUV,1 997 cm3,180 KM,5,Biały
Peugeot,Partner,2012,19 999 PLN,230 000 km,Diesel,Manualna,Minivan,1 560 cm3,90 KM,5,Biały
Peugeot,308,2016,34 500 PLN,124 700 km,Diesel,Manualna,Kombi,1 560 cm3,100 KM,5,Srebrny
Peugeot,Rifter,2019,38 900 PLN,143 000 km,Diesel,Manualna,Minivan,1 499 cm3,102 KM,5,Szary
Peugeot,Partner,2014,37 000 PLN,197 000 km,Diesel,Manualna,Minivan,1 560 cm3,115 KM,5,Biały
Peugeot,3008,2017,59 900 PLN,167 563 km,Benzyna,Manualna,SUV,1 199 cm3,130 KM,5,Biały
Peugeot,307,2005,9 500 PLN,113 039 km,Diesel,Manualna,Auta miejskie,1 560 cm3,110 KM,3,Czerwony
Peugeot,3008,2010,20 500 PLN,185 700 km,Diesel,Automatyczna,SUV,1 560 cm3,109 KM,5,Srebrny
Peugeot,301,2014,20 700 PLN,200 415 km,Diesel,Manualna,Sedan,1 560 cm3,92 KM,4,Biały
Peugeot,5008,2017,54 900 PLN,178 720 km,Benzyna,Manualna,SUV,1 199 cm3,130 KM,5,Czarny
Peugeot,308,2019,42 900 PLN,52 000 km,Benzyna,Manualna,Kompakt,1 199 cm3,130 KM,5,Niebieski
Peugeot,308,2008,4 900 PLN,276 000 km,Benzyna,Manualna,Kombi,1 598 cm3,120 KM,5,Srebrny
Peugeot,207,2010,8 999 PLN,177 324 km,Diesel,Manualna,Auta miejskie,1 398 cm3,68 KM,5,Srebrny
Peugeot,3008,2010,24 499 PLN,155 000 km,Diesel,Manualna,Auta miejskie,1 560 cm3,110 KM,5,Srebrny
Peugeot,207,2011,14 900 PLN,163 000 km,Benzyna,Manualna,Auta małe,1 360 cm3,73 KM,5,Szary
Peugeot,3008,2015,36 840 PLN,102 900 km,Benzyna,Manualna,Minivan,1 598 cm3,156 KM,5,Czarny
Peugeot,2008,2021,65 900 PLN,76 000 km,Benzyna,Manualna,SUV,1 199 cm3,102 KM,5,Szary
Peugeot,508,2016,49 500 PLN,125 000 km,Diesel,Manualna,Kombi,1 560 cm3,115 KM,5,Granatowy
Peugeot,3008,2012,25 500 PLN,251 000 km,Hybryda,Automatyczna,SUV,1 997 cm3,163 KM,5,Czarny
Peugeot,308,2008,8 900 PLN,190 000 km,Benzyna,Manualna,Kompakt,1 598 cm3,120 KM,3,Czarny
Peugeot,508,2017,52 000 PLN,200 000 km,Diesel,Automatyczna,Kombi,1 997 cm3,180 KM,5,Srebrny
Peugeot,2008,2019,44 900 PLN,89 000 km,Benzyna,Manualna,SUV,1 199 cm3,110 KM,5,Szary
Peugeot,308,2010,14 900 PLN,230 000 km,Benzyna,Manualna,Kombi,1 598 cm3,149 KM,5,Czerwony
Peugeot,3008,2014,29 900 PLN,231 990 km,Diesel,Manualna,Minivan,1 560 cm3,115 KM,5,Brązowy
Peugeot,308,2019,44 900 PLN,189 000 km,Diesel,Manualna,Kombi,1 560 cm3,120 KM,5,Bordowy
Peugeot,5008,2019,78 900 PLN,188 000 km,Benzyna,Automatyczna,Minivan,1 598 cm3,180 KM,5,Szary
Peugeot,407,2007,7 500 PLN,300 454 km,Diesel,Manualna,Kombi,1 560 cm3,110 KM,5,Zielony
Peugeot,Expert,2012,42 500 PLN,222 794 km,Diesel,Manualna,Kombi,1 997 cm3,163 KM,5,Szary
Peugeot,308,2009,12 500 PLN,196 000 km,Benzyna+LPG,Manualna,Kombi,1 397 cm3,95 KM,5,Szary
Peugeot,2008,2016,37 900 PLN,61 300 km,Benzyna,Manualna,SUV,1 199 cm3,114 KM,5,Biały
Peugeot,3008,2012,22 900 PLN,234 836 km,Diesel,Manualna,SUV,1 560 cm3,110 KM,5,Inny kolor
Peugeot,508,2019,86 000 PLN,132 000 km,Diesel,Automatyczna,Sedan,1 997 cm3,177 KM,5,Biały
Peugeot,208,2020,62 900 PLN,61 100 km,Benzyna,Automatyczna,Auta miejskie,1 199 cm3,130 KM,5,Niebieski
Peugeot,3008,2019,77 900 PLN,115 000 km,Diesel,Automatyczna,SUV,1 499 cm3,130 KM,5,Inny kolor
Peugeot,3008,2014,33 700 PLN,129 200 km,Diesel,Manualna,SUV,1 560 cm3,114 KM,5,Inny kolor
Peugeot,308,2016,28 500 PLN,190 000 km,Diesel,Manualna,Kompakt,1 560 cm3,99 KM,5,Szary
Peugeot,508,2014,27 500 PLN,208 000 km,Diesel,Manualna,Kombi,1 560 cm3,114 KM,5,Granatowy
Peugeot,207,2007,8 900 PLN,165 000 km,Benzyna,Manualna,Kompakt,1 598 cm3,120 KM,5,Brązowy
Peugeot,208,2013,19 500 PLN,239 000 km,Diesel,Manualna,Auta małe,1 398 cm3,68 KM,5,Biały
Peugeot,208,2012,25 900 PLN,127 505 km,Benzyna,Manualna,Auta miejskie,1 397 cm3,95 KM,5,Czarny
Peugeot,307,2007,8 300 PLN,278 000 km,Benzyna,Manualna,Kombi,1 990 cm3,140 KM,5,Czarny
Peugeot,2008,2015,36 800 PLN,86 500 km,Diesel,Manualna,SUV,1 560 cm3,92 KM,5,Brązowy
Peugeot,508,2020,79 900 PLN,238 000 km,Diesel,Automatyczna,Kombi,1 997 cm3,177 KM,5,Inny kolor
Peugeot,307,2005,5 900 PLN,177 390 km,Benzyna,Manualna,Kompakt,1 587 cm3,109 KM,5,Srebrny
Peugeot,3008,2018,65 900 PLN,245 000 km,Diesel,Automatyczna,SUV,1 499 cm3,131 KM,5,Czarny
Peugeot,3008,2019,89 900 PLN,91 000 km,Diesel,Automatyczna,SUV,1 997 cm3,180 KM,5,Inny kolor
Peugeot,508,2017,38 500 PLN,119 262 km,Benzyna,Manualna,Kombi,1 598 cm3,165 KM,5,Srebrny
Peugeot,5008,2018,89 900 PLN,220 000 km,Diesel,Automatyczna,SUV,1 997 cm3,180 KM,5,Biały
Peugeot,307,2007,7 500 PLN,149 582 km,Diesel,Manualna,Kompakt,1 560 cm3,110 KM,5,Czarny
Peugeot,2008,2020,64 600 PLN,118 000 km,Diesel,Manualna,SUV,1 499 cm3,102 KM,5,Pomarańczowy
Peugeot,308,2024,94 900 PLN,5 km,Benzyna,Manualna,Kompakt,1 199 cm3,130 KM,5,Czarny
Peugeot,208,2024,81 900 PLN,5 km,Benzyna,Manualna,Kompakt,1 199 cm3,100 KM,5,Czarny
Peugeot,3008,2020,77 770 PLN,115 500 km,Benzyna,Manualna,SUV,1 199 cm3,131 KM,5,Biały
Peugeot,508,2011,30 000 PLN,186 076 km,Benzyna,Manualna,Sedan,1 598 cm3,156 KM,5,Srebrny
Peugeot,508,2014,33 900 PLN,213 000 km,Diesel,Automatyczna,Kombi,1 560 cm3,115 KM,5,Biały
Peugeot,308,2017,38 000 PLN,90 000 km,Benzyna,Manualna,Kombi,1 199 cm3,130 KM,5,Czerwony
Peugeot,308,2014,29 999 PLN,78 200 km,Diesel,Manualna,Kombi,1 560 cm3,115 KM,5,Czarny
Peugeot,208,2019,16 900 PLN,88 300 km,Benzyna,Manualna,Auta małe,1 199 cm3,82 KM,5,Szary
Peugeot,508,2016,52 500 PLN,139 700 km,Diesel,Automatyczna,Sedan,1 997 cm3,180 KM,4,Czarny
Peugeot,Partner,2012,15 950 PLN,289 000 km,Diesel,Manualna,Minivan,1 560 cm3,75 KM,4,Biały
Peugeot,308,2011,18 700 PLN,208 000 km,Benzyna,Manualna,Kombi,1 598 cm3,120 KM,5,Srebrny
Peugeot,508,2017,58 000 PLN,218 000 km,Diesel,Automatyczna,Kombi,1 997 cm3,180 KM,5,Czarny
Peugeot,208,2013,22 800 PLN,128 500 km,Benzyna,Manualna,Auta małe,1 397 cm3,95 KM,3,Czarny
Peugeot,508,2019,91 900 PLN,64 300 km,Diesel,Automatyczna,Kombi,1 499 cm3,130 KM,5,Biały
Peugeot,208,2015,26 800 PLN,178 305 km,Diesel,Manualna,Auta miejskie,1 398 cm3,68 KM,5,Srebrny
Peugeot,3008,2018,66 990 PLN,180 000 km,Diesel,Manualna,SUV,1 560 cm3,120 KM,5,Szary
Peugeot,508,2011,24 000 PLN,146 000 km,Benzyna,Manualna,Sedan,1 598 cm3,156 KM,4,Czarny
Peugeot,308,2017,42 900 PLN,89 000 km,Benzyna,Manualna,Kompakt,1 199 cm3,110 KM,5,Szary
Peugeot,2008,2013,26 900 PLN,148 000 km,Benzyna,Manualna,SUV,1 199 cm3,82 KM,5,Brązowy
Peugeot,Partner,2008,7 000 PLN,300 090 km,Diesel,Manualna,Minivan,1 560 cm3,90 KM,4,Biały
Peugeot,3008,2017,79 900 PLN,140 000 km,Diesel,Automatyczna,SUV,1 560 cm3,115 KM,5,Czarny
Peugeot,508,2012,45 900 PLN,166 258 km,Hybryda,Automatyczna,Kombi,1 997 cm3,163 KM,5,Inny kolor
Peugeot,3008,2011,26 500 PLN,188 827 km,Diesel,Automatyczna,SUV,1 997 cm3,163 KM,5,Srebrny
Peugeot,Partner,2017,36 900 PLN,209 584 km,Diesel,Manualna,Minivan,1 560 cm3,99 KM,5,Czarny
Peugeot,3008,2018,99 950 PLN,110 005 km,Diesel,Automatyczna,SUV,1 997 cm3,180 KM,5,Szary
Peugeot,Expert,2018,52 000 PLN,125 000 km,Diesel,Manualna,Minivan,1 997 cm3,122 KM,4,Czarny
Peugeot,607,2008,12 000 PLN,218 000 km,Diesel,Automatyczna,Sedan,2 720 cm3,204 KM,4,Inny kolor
Peugeot,508,2012,24 900 PLN,287 900 km,Diesel,Automatyczna,Kombi,1 997 cm3,163 KM,5,Czarny
Peugeot,508,2020,87 990 PLN,167 000 km,Diesel,Automatyczna,Sedan,1 997 cm3,177 KM,5,Granatowy
Peugeot,5008,2020,112 000 PLN,37 994 km,Diesel,Automatyczna,SUV,1 499 cm3,130 KM,5,Czarny
Peugeot,2008,2016,53 900 PLN,85 000 km,Diesel,Manualna,SUV,1 560 cm3,120 KM,5,Bordowy
Peugeot,2008,2015,28 900 PLN,109 000 km,Benzyna,Manualna,SUV,1 199 cm3,82 KM,5,Inny kolor
Peugeot,2008,2015,28 900 PLN,109 000 km,Benzyna,Manualna,SUV,1 199 cm3,82 KM,5,Inny kolor
Peugeot,Partner,2017,29 999 PLN,222 000 km,Diesel,Manualna,Minivan,1 560 cm3,100 KM,5,Biały
Peugeot,206 plus,2011,11 500 PLN,124 000 km,Benzyna,Manualna,Kompakt,1 360 cm3,73 KM,5,Srebrny
Peugeot,2008,2018,52 800 PLN,44 000 km,Benzyna,Automatyczna,SUV,1 199 cm3,110 KM,5,Biały
Peugeot,2008,2013,28 900 PLN,132 000 km,Benzyna,Manualna,SUV,1 199 cm3,82 KM,5,Szary
Peugeot,508,2021,140 900 PLN,14 500 km,Benzyna,Automatyczna,Kompakt,1 598 cm3,180 KM,5,Granatowy
Peugeot,208,2016,37 900 PLN,60 500 km,Benzyna,Manualna,Auta małe,1 199 cm3,82 KM,5,Biały
Peugeot,307,2007,10 900 PLN,197 444 km,Benzyna,Manualna,Kombi,1 587 cm3,110 KM,5,Inny kolor
Peugeot,2008,2016,32 900 PLN,213 400 km,Diesel,Manualna,SUV,1 560 cm3,120 KM,5,Czarny
Peugeot,508,2020,87 900 PLN,52 700 km,Hybryda Plug-in,Automatyczna,Sedan,1 598 cm3,181 KM,5,Inny kolor
Peugeot,308,2019,48 900 PLN,197 997 km,Diesel,Automatyczna,Kombi,1 499 cm3,130 KM,5,Czarny
Peugeot,Boxer,2013,36 777 PLN,272 643 km,Diesel,Manualna,Minivan,2 198 cm3,130 KM,4,Biały
Peugeot,208,2015,22 500 PLN,124 900 km,Benzyna,Manualna,Kompakt,1 199 cm3,110 KM,5,Czerwony
Peugeot,107,2007,9 999 PLN,177 276 km,Benzyna,Manualna,Auta małe,998 cm3,68 KM,3,Czarny
Peugeot,308,2010,18 700 PLN,208 000 km,Benzyna,Manualna,Kombi,1 598 cm3,120 KM,5,Czarny
Peugeot,508,2020,86 900 PLN,170 000 km,Diesel,Automatyczna,Kombi,1 997 cm3,177 KM,5,Szary
Peugeot,3008,2020,93 900 PLN,140 000 km,Benzyna,Automatyczna,SUV,1 598 cm3,181 KM,5,Szary
Peugeot,3008,2022,106 900 PLN,80 000 km,Hybryda Plug-in,Automatyczna,SUV,1 598 cm3,181 KM,5,Biały
Peugeot,308,2017,53 900 PLN,72 899 km,Benzyna,Automatyczna,Kompakt,1 199 cm3,130 KM,5,Biały
Peugeot,2008,2016,45 000 PLN,87 043 km,Benzyna,Manualna,Auta małe,1 199 cm3,110 KM,5,Szary
Peugeot,5008,2018,79 900 PLN,152 000 km,Diesel,Manualna,Minivan,1 997 cm3,150 KM,5,Inny kolor
Peugeot,3008,2016,24 999 PLN,179 700 km,Diesel,Manualna,SUV,1 560 cm3,120 KM,5,Beżowy
Peugeot,508,2012,31 000 PLN,279 236 km,Diesel,Automatyczna,Kombi,1 997 cm3,163 KM,5,Brązowy
Peugeot,407,2010,9 900 PLN,316 000 km,Diesel,Manualna,Kombi,1 997 cm3,140 KM,5,Srebrny
Peugeot,508,2015,34 900 PLN,195 000 km,Diesel,Automatyczna,Kombi,1 560 cm3,115 KM,5,Biały
Peugeot,5008,2016,29 200 PLN,277 602 km,Diesel,Manualna,SUV,1 560 cm3,120 KM,5,Srebrny
Peugeot,5008,2018,73 900 PLN,150 000 km,Diesel,Automatyczna,SUV,1 560 cm3,120 KM,5,Czarny
Peugeot,5008,2018,89 700 PLN,128 000 km,Diesel,Automatyczna,SUV,1 997 cm3,180 KM,5,Szary
Peugeot,5008,2018,76 900 PLN,179 000 km,Benzyna,Automatyczna,SUV,1 598 cm3,165 KM,5,Biały
Peugeot,2008,2020,83 900 PLN,27 900 km,Benzyna,Automatyczna,SUV,1 199 cm3,130 KM,5,Czerwony
Peugeot,2008,2014,34 000 PLN,171 121 km,Diesel,Manualna,SUV,1 560 cm3,92 KM,5,Czarny
Peugeot,2008,2017,53 000 PLN,47 696 km,Benzyna,Manualna,SUV,1 199 cm3,82 KM,5,Biały
Peugeot,508,2013,39 900 PLN,133 000 km,Diesel,Automatyczna,Kombi,1 997 cm3,163 KM,5,Biały
Peugeot,5008,2017,74 500 PLN,68 000 km,Diesel,Manualna,SUV,1 560 cm3,120 KM,5,Szary
Peugeot,3008,2010,21 900 PLN,219 000 km,Diesel,Manualna,Auta miejskie,1 997 cm3,150 KM,5,Biały
Peugeot,Partner,2016,31 365 PLN,295 000 km,Diesel,Manualna,Minivan,1 560 cm3,100 KM,5,Biały
Peugeot,308 CC,2010,19 980 PLN,136 000 km,Diesel,Manualna,Kabriolet,1 997 cm3,136 KM,2,Srebrny
Peugeot,308,2009,14 500 PLN,181 154 km,Benzyna,Manualna,Auta miejskie,1 598 cm3,120 KM,5,Srebrny
Peugeot,308,2015,37 800 PLN,165 000 km,Diesel,Manualna,Kompakt,1 997 cm3,150 KM,5,Szary
Peugeot,Bipper,2013,7 900 PLN,186 718 km,Diesel,Manualna,Auta miejskie,1 248 cm3,75 KM,4,Biały
Peugeot,3008,2019,92 000 PLN,146 231 km,Benzyna,Automatyczna,Auta małe,1 598 cm3,180 KM,5,Czarny
Peugeot,208,2013,12 700 PLN,91 000 km,Benzyna,Manualna,Coupe,1 598 cm3,200 KM,3,Bordowy
Peugeot,208,2015,31 000 PLN,100 820 km,Benzyna,Manualna,Kompakt,1 199 cm3,82 KM,3,Pomarańczowy
Peugeot,308,2016,29 999 PLN,129 894 km,Benzyna,Manualna,Kombi,1 199 cm3,130 KM,5,Biały
Peugeot,508,2011,17 000 PLN,203 000 km,Benzyna,Manualna,Kombi,1 598 cm3,156 KM,5,Czarny
Peugeot,3008,2019,69 800 PLN,130 000 km,Diesel,Automatyczna,SUV,1 499 cm3,130 KM,5,Czarny
Peugeot,Expert,2019,91 900 PLN,51 000 km,Diesel,Manualna,Minivan,1 499 cm3,120 KM,4,Srebrny
Peugeot,207,2009,11 750 PLN,252 000 km,Benzyna,Manualna,Auta małe,1 598 cm3,175 KM,3,Biały
Peugeot,3008,2023,90 900 PLN,32 000 km,Benzyna,Automatyczna,SUV,1 199 cm3,130 KM,5,Biały
Peugeot,208,2021,33 333 PLN,29 232 km,Elektryczny,Automatyczna,Auta miejskie,,136 KM,5,Srebrny
Peugeot,208,2012,19 990 PLN,289 612 km,Diesel,Manualna,Auta miejskie,1 560 cm3,92 KM,3,Granatowy
Peugeot,3008,2019,88 888 PLN,144 000 km,Benzyna,Automatyczna,SUV,1 598 cm3,181 KM,5,Bordowy
Peugeot,207,2006,4 400 PLN,276 000 km,Benzyna,Manualna,Kompakt,1 360 cm3,88 KM,5,Srebrny
Peugeot,508,2016,51 900 PLN,221 746 km,Diesel,Automatyczna,Kombi,1 997 cm3,180 KM,5,Czarny
Peugeot,508,2012,28 000 PLN,184 429 km,Diesel,Manualna,Kombi,1 997 cm3,140 KM,5,Brązowy
Peugeot,308,2011,14 900 PLN,246 679 km,Diesel,Manualna,Kompakt,1 560 cm3,92 KM,5,Srebrny
Peugeot,207,2007,6 500 PLN,148 000 km,Benzyna,Manualna,Auta małe,1 360 cm3,73 KM,5,Czarny
Peugeot,3008,2017,61 900 PLN,195 000 km,Diesel,Automatyczna,SUV,1 560 cm3,120 KM,5,Biały
Peugeot,207,2010,13 900 PLN,152 417 km,Benzyna,Manualna,Kompakt,1 598 cm3,156 KM,3,Czarny
Peugeot,505,2010,17 500 PLN,225 000 km,Diesel,Manualna,Minivan,1 997 cm3,136 KM,5,Fioletowy
Peugeot,308,2017,53 500 PLN,75 181 km,Diesel,Automatyczna,Kombi,1 560 cm3,120 KM,5,Czarny
Peugeot,508,2013,39 700 PLN,250 000 km,Hybryda,Automatyczna,Kombi,1 997 cm3,200 KM,5,Biały
Peugeot,2008,2013,28 990 PLN,147 400 km,Benzyna,Manualna,SUV,1 199 cm3,82 KM,5,Brązowy
Peugeot,607,2008,11 000 PLN,229 465 km,Diesel,Automatyczna,Sedan,2 720 cm3,204 KM,4,Srebrny
Peugeot,3008,2019,103 900 PLN,82 058 km,Benzyna,Automatyczna,SUV,1 598 cm3,180 KM,5,Szary
Peugeot,3008,2020,66 899,169 000 km,Benzyna,Automatyczna,SUV,1 199 cm3,131 KM,5,Inny kolor
Peugeot,3008,2022,109 999 PLN,6 800 km,Benzyna,Manualna,SUV,1 199 cm3,130 KM,5,Czerwony
Peugeot,3008,2018,79 900 PLN,96 000 km,Diesel,Manualna,SUV,1 499 cm3,130 KM,5,Biały
Peugeot,3008,2018,88 500 PLN,103 000 km,Diesel,Automatyczna,SUV,1 997 cm3,180 KM,5,Biały
Peugeot,5008,2013,18 900 PLN,355 000 km,Diesel,Automatyczna,SUV,1 997 cm3,163 KM,5,Szary
Peugeot,508,2021,119 000 PLN,156 000 km,Benzyna,Automatyczna,Kombi,1 598 cm3,225 KM,5,Czarny
Peugeot,3008,2013,35 500 PLN,156 500 km,Diesel,Automatyczna,SUV,1 997 cm3,163 KM,5,Złoty
Peugeot,508,2011,23 000 PLN,169 754 km,Benzyna,Manualna,Kombi,1 598 cm3,156 KM,5,Czarny
Peugeot,5008,2019,109 900 PLN,127 000 km,Diesel,Automatyczna,SUV,1 997 cm3,180 KM,5,Czarny
Peugeot,208,2020,74 900 PLN,36 680 km,Benzyna,Automatyczna,Kompakt,1 199 cm3,102 KM,5,Żółty
Peugeot,5008,2022,139 900 PLN,146 000 km,Benzyna,Automatyczna,SUV,1 598 cm3,180 KM,5,Biały
Peugeot,Rifter,2020,54 900 PLN,160 000 km,Benzyna,Manualna,Minivan,1 199 cm3,110 KM,5,Srebrny
Peugeot,308,2014,31 900 PLN,209 760 km,Diesel,Manualna,Kombi,1 560 cm3,120 KM,5,Brązowy
Peugeot,Expert,2021,99 015 PLN,118 000 km,Diesel,Manualna,Minivan,2 000 cm3,150 KM,5,Szary
Peugeot,508,2019,85 000 PLN,88 000 km,Diesel,Automatyczna,Sedan,1 997 cm3,163 KM,5,Srebrny
Peugeot,308,2016,35 900 PLN,155 500 km,Diesel,Manualna,Kombi,1 560 cm3,99 KM,5,Szary
Peugeot,3008,2018,66 900 PLN,143 924 km,Diesel,Manualna,SUV,1 499 cm3,130 KM,5,Szary
Peugeot,207,2009,10 900 PLN,216 200 km,Diesel,Manualna,Kombi,1 560 cm3,110 KM,5,Szary
Peugeot,Boxer,2014,49 000 PLN,379 240 km,Diesel,Manualna,Auta miejskie,2 198 cm3,110 KM,4,Biały
Peugeot,3008,2021,131 500 PLN,38 110 km,Benzyna,Automatyczna,SUV,1 598 cm3,180 KM,5,Czarny
Peugeot,308,2008,11 300 PLN,192 000 km,Diesel,Manualna,Auta miejskie,1 560 cm3,110 KM,5,Bordowy
Peugeot,108,2017,23 500 PLN,70 660 km,Benzyna,Manualna,Sedan,998 cm3,69 KM,5,Srebrny
Peugeot,Partner,2010,17 900 PLN,230 000 km,Diesel,Manualna,Minivan,1 560 cm3,75 KM,5,Czarny
Peugeot,Rifter,2020,81 500 PLN,61 500 km,Diesel,Manualna,Minivan,1 500 cm3,130 KM,4,Szary
Peugeot,5008,2011,19 700 PLN,159 965 km,Benzyna,Manualna,Minivan,1 598 cm3,156 KM,5,Srebrny
Peugeot,508,2019,115 000 PLN,63 000 km,Benzyna,Automatyczna,Sedan,1 598 cm3,180 KM,5,Czarny
Peugeot,308,2019,44 900 PLN,176 000 km,Diesel,Manualna,Kombi,1 499 cm3,130 KM,5,Biały
Peugeot,308,2009,15 900 PLN,210 608 km,Diesel,Automatyczna,Auta miejskie,1 560 cm3,110 KM,5,Czarny
Peugeot,2008,2014,35 900 PLN,170 000 km,Benzyna+LPG,Manualna,SUV,1 598 cm3,120 KM,5,Biały
Peugeot,Partner,2010,21 900 PLN,232 177 km,Diesel,Manualna,Minivan,1 560 cm3,90 KM,5,Czarny
Peugeot,3008,2013,31 300 PLN,224 000 km,Diesel,Manualna,SUV,1 560 cm3,115 KM,5,Czarny
Peugeot,508,2021,96 900 PLN,14 300 km,Benzyna,Automatyczna,Sedan,1 199 cm3,130 KM,5,Szary
Peugeot,308,2008,14 000 PLN,106 000 km,Benzyna,Manualna,Auta miejskie,1 598 cm3,120 KM,5,Szary
Peugeot,2008,2020,64 900 PLN,164 201 km,Benzyna,Automatyczna,SUV,1 199 cm3,130 KM,5,Szary
Peugeot,207,2010,12 500 PLN,196 000 km,Diesel,Manualna,Kombi,1 560 cm3,90 KM,5,Niebieski
Peugeot,5008,2021,109 000 PLN,104 000 km,Diesel,Automatyczna,SUV,1 499 cm3,130 KM,5,Biały
Peugeot,5008,2017,69 900 PLN,138 000 km,Benzyna,Manualna,SUV,1 199 cm3,130 KM,5,Szary
Peugeot,5008,2019,68 900 PLN,199 999 km,Diesel,Automatyczna,SUV,1 499 cm3,130 KM,5,Czarny
Peugeot,106,1994,12 000 PLN,135 000 km,Benzyna,Manualna,Auta małe,954 cm3,45 KM,5,Biały
Peugeot,3008,2019,89 990 PLN,189 000 km,Benzyna,Automatyczna,SUV,1 598 cm3,180 KM,5,Granatowy
Peugeot,308,2012,17 900 PLN,188 349 km,Diesel,Manualna,Kombi,1 560 cm3,92 KM,5,Szary
Peugeot,5008,2018,64 900 PLN,245 000 km,Diesel,Automatyczna,SUV,1 560 cm3,120 KM,5,Inny kolor
Peugeot,308,2017,29 900 PLN,253 000 km,Benzyna,Manualna,Kompakt,1 199 cm3,130 KM,5,Srebrny
Peugeot,308,2014,26 500 PLN,145 000 km,Diesel,Manualna,Kombi,1 560 cm3,120 KM,5,Szary
Peugeot,3008,2009,20 800 PLN,206 000 km,Diesel,Manualna,Minivan,1 997 cm3,150 KM,5,Czarny
Peugeot,307,2005,2 200 PLN,229 066 km,Diesel,Manualna,Kombi,1 560 cm3,109 KM,5,Srebrny
Peugeot,207,2012,15 900 PLN,138 000 km,Benzyna,Manualna,Auta małe,1 397 cm3,95 KM,5,Czarny
Peugeot,3008,2019,74 900 PLN,51 757 km,Benzyna,Manualna,SUV,1 199 cm3,131 KM,5,Granatowy
Peugeot,208,2016,32 800 PLN,104 000 km,Benzyna,Manualna,Auta małe,1 199 cm3,110 KM,3,Biały
Peugeot,208,2020,23 900 PLN,130 000 km,Diesel,Manualna,Kompakt,1 499 cm3,102 KM,5,Żółty
Peugeot,Partner,2011,23 500 PLN,250 000 km,Diesel,Manualna,Minivan,1 560 cm3,110 KM,4,Beżowy
Peugeot,508,2016,65 000 PLN,97 000 km,Diesel,Manualna,Sedan,1 997 cm3,150 KM,4,Brązowy
Peugeot,207,2009,12 600 PLN,149 000 km,Benzyna+LPG,Manualna,Kombi,1 397 cm3,95 KM,5,Czarny
Peugeot,208,2012,8 500 PLN,167 900 km,Benzyna,Manualna,Auta małe,1 397 cm3,95 KM,3,Czarny
Peugeot,508,2017,47 800 PLN,195 000 km,Diesel,Manualna,Kombi,1 997 cm3,150 KM,5,Granatowy
Peugeot,208,2022,64 900 PLN,39 520 km,Benzyna,Manualna,Auta miejskie,1 199 cm3,75 KM,5,Żółty
Peugeot,307,2005,8 000 PLN,239 000 km,Diesel,Manualna,Kompakt,1 560 cm3,110 KM,5,Granatowy
Peugeot,207,2009,7 900 PLN,196 637 km,Benzyna,Manualna,Auta małe,1 397 cm3,95 KM,5,Srebrny
Peugeot,3008,2017,61 700 PLN,103 457 km,Benzyna,Automatyczna,SUV,1 199 cm3,131 KM,5,Szary
Peugeot,5008,2014,29 900 PLN,215 845 km,Diesel,Automatyczna,SUV,1 560 cm3,115 KM,,
Peugeot,308,2018,49 990 PLN,47 000 km,Benzyna,Manualna,Kompakt,1 199 cm3,130 KM,5,Czarny
Peugeot,Expert,2017,76 000 PLN,140 000 km,Diesel,Manualna,Minivan,1 560 cm3,115 KM,5,Szary
Peugeot,2008,2017,37 900 PLN,120 000 km,Benzyna,Manualna,SUV,1 199 cm3,110 KM,5,Biały
Peugeot,2008,2017,37 900 PLN,120 000 km,Benzyna,Manualna,SUV,1 199 cm3,110 KM,5,Biały
Peugeot,107,2006,5 100 PLN,240 500 km,Diesel,Manualna,Auta miejskie,1 398 cm3,54 KM,3,Biały
Peugeot,Partner,2018,33 500 PLN,198 000 km,Diesel,Manualna,Minivan,1 560 cm3,100 KM,5,Biały
Peugeot,3008,2012,22 300 PLN,239 000 km,Diesel,Manualna,SUV,1 560 cm3,111 KM,5,Czarny
Peugeot,208,2012,23 900 PLN,111 700 km,Benzyna,Manualna,Kompakt,1 397 cm3,95 KM,5,Czarny
Peugeot,3008,2009,18 900 PLN,225 000 km,Diesel,Manualna,Minivan,1 560 cm3,110 KM,5,Czarny
Peugeot,508,2011,26 900 PLN,220 800 km,Diesel,Automatyczna,Sedan,1 560 cm3,112 KM,4,Czarny
Peugeot,3008,2019,82 900 PLN,117 645 km,Benzyna,Automatyczna,SUV,1 598 cm3,165 KM,5,Czarny
Peugeot,3008,2012,18 900 PLN,137 000 km,Benzyna,Manualna,SUV,1 598 cm3,120 KM,5,Srebrny
Peugeot,1007,2006,11 000 PLN,65 000 km,Benzyna,Automatyczna,Auta małe,1 587 cm3,110 KM,3,Srebrny
Peugeot,2008,2016,38 900 PLN,72 165 km,Benzyna,Manualna,SUV,1 199 cm3,130 KM,5,Biały
Peugeot,308,2008,11 500 PLN,270 000 km,Benzyna,Manualna,Kompakt,1 598 cm3,120 KM,5,Szary
Peugeot,508,2011,29 900 PLN,298 838 km,Diesel,Automatyczna,Sedan,1 997 cm3,163 KM,4,Biały
Peugeot,Partner,2016,28 500 PLN,149 000 km,Diesel,Manualna,Minivan,1 560 cm3,99 KM,4,Biały
Peugeot,208,2015,39 900 PLN,98 000 km,Benzyna,Automatyczna,Kompakt,1 199 cm3,110 KM,5,Czarny
Peugeot,308,2024,138 700 PLN,5 km,Diesel,Automatyczna,Kombi,1 499 cm3,130 KM,5,Szary
Peugeot,308,2020,24 900 PLN,160 000 km,Diesel,Automatyczna,Kompakt,1 499 cm3,130 KM,5,Czarny
Peugeot,208,2022,73 000 PLN,27 000 km,Benzyna,Automatyczna,Auta miejskie,1 199 cm3,102 KM,5,Szary
Peugeot,208,2015,26 000 PLN,72 285 km,Benzyna,Manualna,Kompakt,1 199 cm3,82 KM,3,Granatowy
Peugeot,3008,2010,20 800 PLN,240 000 km,Diesel,Manualna,SUV,1 560 cm3,115 KM,5,Szary
Peugeot,508,2014,25 000 PLN,235 000 km,Diesel,Manualna,Kombi,1 997 cm3,163 KM,4,Srebrny
Peugeot,308,2015,17 000 PLN,252 097 km,Diesel,Manualna,Kombi,1 560 cm3,120 KM,5,Czarny
Peugeot,Partner,2018,36 900 PLN,177 500 km,Diesel,Manualna,Minivan,1 560 cm3,100 KM,5,Biały
Peugeot,508,2011,26 300 PLN,284 000 km,Benzyna,Manualna,Kombi,1 598 cm3,156 KM,5,Biały
Peugeot,407,2008,8 200 PLN,262 000 km,Diesel,Automatyczna,Sedan,1 997 cm3,136 KM,5,Srebrny
Peugeot,2008,2019,68 900 PLN,65 000 km,Benzyna,Manualna,SUV,1 199 cm3,130 KM,5,Biały
Peugeot,208,2016,28 800 PLN,151 000 km,Benzyna,Manualna,Kompakt,1 199 cm3,82 KM,5,Czarny
Peugeot,Partner,2010,15 500 PLN,350 000 km,Diesel,Manualna,Minivan,1 560 cm3,90 KM,4,Biały
Peugeot,2008,2017,38 500 PLN,69 000 km,Benzyna,Manualna,SUV,1 199 cm3,110 KM,5,Szary
Peugeot,807,2005,2 999 PLN,180 000 km,Benzyna+LPG,Manualna,Minivan,2 230 cm3,158 KM,5,Srebrny
Peugeot,308,2015,30 980 PLN,157 000 km,Benzyna,Manualna,Kombi,1 199 cm3,130 KM,5,Brązowy
Peugeot,206 CC,2004,7 900 PLN,175 150 km,Benzyna,Manualna,Kabriolet,1 587 cm3,109 KM,2,Srebrny
Peugeot,Boxer,2016,55 000 PLN,140 353 km,Diesel,Manualna,Minivan,1 997 cm3,163 KM,2,Biały
Peugeot,308,2014,29 800 PLN,248 000 km,Diesel,Manualna,Kombi,1 560 cm3,120 KM,5,Biały
Peugeot,3008,2010,27 900 PLN,199 400 km,Benzyna,Manualna,SUV,1 598 cm3,120 KM,5,Czarny
Peugeot,208,2018,29 900 PLN,110 000 km,Benzyna,Manualna,Kompakt,1 199 cm3,82 KM,5,Srebrny
Peugeot,Boxer,2013,87 000 PLN,255 000 km,Diesel,Manualna,Minivan,2 198 cm3,150 KM,4,Srebrny
Peugeot,207,2012,4 900 PLN,199 000 km,Diesel,Manualna,Kompakt,1 398 cm3,68 KM,5,Biały
Peugeot,2008,2021,98 000 PLN,11 429 km,Benzyna,Automatyczna,SUV,1 199 cm3,130 KM,5,Szary
Peugeot,208,2015,25 900 PLN,179 000 km,Diesel,Manualna,Auta miejskie,1 560 cm3,99 KM,5,Czarny
Peugeot,3008,2013,22 000 PLN,417 000 km,Diesel,Manualna,Auta miejskie,1 560 cm3,115 KM,5,Biały
Peugeot,208,2019,32 500 PLN,62 530 km,Benzyna,Manualna,Auta małe,1 199 cm3,110 KM,5,Biały
Peugeot,308 CC,2012,26 000 PLN,191 000 km,Diesel,Manualna,Kabriolet,1 997 cm3,163 KM,2,Czarny
Peugeot,308,2018,41 900 PLN,60 000 km,Benzyna,Manualna,Kombi,1 199 cm3,110 KM,5,Biały
Peugeot,2008,2019,32 900 PLN,124 000 km,Benzyna,Manualna,SUV,1 199 cm3,110 KM,5,Inny kolor
Peugeot,208,2013,13 500 PLN,175 700 km,Benzyna,Manualna,Kompakt,1 199 cm3,82 KM,5,Brązowy
Peugeot,Partner,2014,19 999 PLN,129 800 km,Diesel,Manualna,Minivan,1 560 cm3,75 KM,5,Czarny
Peugeot,Partner,2008,11 100 PLN,182 000 km,Diesel,Manualna,Minivan,1 560 cm3,90 KM,4,Srebrny
Peugeot,Partner,2017,33 500 PLN,177 000 km,Diesel,Manualna,Minivan,1 560 cm3,100 KM,5,Biały
Peugeot,2008,2021,84 999 PLN,51 000 km,Benzyna,Automatyczna,SUV,1 199 cm3,130 KM,5,Biały
Peugeot,208,2015,25 900 PLN,160 000 km,Diesel,Manualna,Auta miejskie,1 398 cm3,68 KM,5,Srebrny
Peugeot,3008,2011,29 900 PLN,174 500 km,Diesel,Automatyczna,SUV,1 560 cm3,110 KM,5,Brązowy
Peugeot,208,2016,14 900 PLN,128 000 km,Benzyna,Manualna,Auta miejskie,1 199 cm3,110 KM,3,Inny kolor
Peugeot,308,2008,8 900 PLN,328 300 km,Diesel,Manualna,Kombi,1 560 cm3,109 KM,5,Szary
Peugeot,308,2022,104 900 PLN,49 000 km,Diesel,Automatyczna,Kompakt,1 499 cm3,130 KM,5,Zielony
Peugeot,5008,2012,24 300 PLN,163 000 km,Benzyna,Manualna,SUV,1 598 cm3,156 KM,5,Szary
Peugeot,4007,2009,26 900 PLN,189 042 km,Diesel,Manualna,SUV,2 179 cm3,156 KM,5,Czarny
Peugeot,308,2022,92 500 PLN,14 800 km,Benzyna,Manualna,Kompakt,1 199 cm3,130 KM,5,Szary
Peugeot,207,2012,15 900 PLN,184 000 km,Diesel,Manualna,Auta małe,1 560 cm3,92 KM,5,Czarny
Peugeot,5008,2018,74 500 PLN,146 230 km,Diesel,Automatyczna,SUV,1 560 cm3,120 KM,5,Biały
Peugeot,3008,2009,13 500 PLN,356 000 km,Diesel,Manualna,SUV,1 560 cm3,110 KM,5,Czerwony
Peugeot,407,2010,12 400 PLN,188 000 km,Diesel,Manualna,Kombi,1 560 cm3,109 KM,5,Czarny
Peugeot,508,2014,34 000 PLN,204 000 km,Diesel,Automatyczna,Kombi,1 997 cm3,163 KM,5,Czarny
Peugeot,307,2007,3 690 PLN,209 000 km,Benzyna,Manualna,Auta małe,1 360 cm3,88 KM,5,Inny kolor
